FA년도,구단명,선수명,세부 포지션,인정년수,구분,FA등급,플레이년도,Age,G,GS,GR,W,L,S,BLSV,HD,BLHD,IP,ER,H,2B,3B,HR,BB,HP,SO,WP,ERA,선발 이닝,구원 이닝,선발 WAR,구원 WAR,종합 WAR,연봉,비고1,비고2
2011,롯데,강영식,RP,12,자격유지,A,2010,29,63,0,63,3,3,2,,7,,52.2,26,50,,,6,24,1,58,5,4.44,,,,1.09,1.09,12000,고졸,
2012,롯데,강영식,RP,12,자격유지,A,2011,30,64,0,64,2,1,1,,16,,41,16,35,,,5,22,2,39,5,3.51,,,,1.26,1.26,30000,고졸,
2013,롯데,강영식,RP,12,자격유지,A,2012,31,55,0,55,2,0,0,0,10,0,41.2,18,41,,,2,19,0,49,2,3.89,,,,0.66,0.66,30000,고졸,
2014,롯데,강영식,RP,12,자격유지,A,2013,32,55,0,55,1,3,1,2,9,0,39.2,17,32,7,0,1,19,2,40,4,3.86,0,39.2,,0.49,0.49,30000,고졸,
2015,롯데,강영식,RP,,FA 1년차,,2014,33,52,0,52,2,5,0,4,14,0,47,25,46,8,1,4,24,2,42,4,4.79,0,47,,1.18,1.18,30000,,
2020,NC,강윤구,RP,8,신규,C,2019,29,67,0,67,3,3,0,1,15,0,56.1,28,55,4,4,4,24,4,49,2,4.47,0,56.1,,1.12,1.12,8500,고졸,
2021,NC,강윤구,RP,8,신규,C,2020,30,30,0,30,1,1,0,0,3,1,21,16,31,7,0,3,11,0,15,2,6.86,0,21,,0.06,0.06,15500,고졸,
2022,롯데,강윤구,RP,8,신규,C,2021,31,22,1,21,0,1,0,1,3,0,,15,21,4,0,3,14,1,15,0,8.44,2,14,-0.14,-0.18,-0.32,10000,고졸,
2023,롯데,강윤구,RP,8,신규,C,2022,32,29,0,29,0,0,0,0,0,1,21.1,13,25,6,1,0,6,1,27,0,5.48,0,21.1,,-0.01,-0.01,7300,고졸,
2024,은퇴,강윤구,,,,,2023,,,,,,,,,,,,,,,,,,,,,,,,,,,,은퇴,
2017,KIA,고효준,RP,9,신규,A,2016,33,24,6,18,0,2,0,0,2,0,,31,54,12,1,6,29,2,52,3,6.07,26.1,19.2,-0.39,-0.17,-0.56,8000,고졸,
2018,KIA,고효준,RP,9,신규,A,2017,34,40,1,39,3,1,0,0,4,1,40,19,44,7,1,1,22,5,35,2,4.27,4.2,35.1,0.08,1,1.08,8000,고졸,
2019,롯데,고효준,RP,9,신규,A,2018,35,43,0,43,2,3,0,0,7,0,32.1,25,33,8,1,3,23,0,39,5,6.96,0,32.1,,0.05,0.05,10000,고졸,
2020,롯데,고효준,RP,9,신규,A,2019,36,75,0,75,2,7,0,4,15,0,62.1,33,58,13,1,6,36,3,72,11,4.76,0,62.1,,0.44,0.44,9000,고졸,
2021,롯데,고효준,RP,,FA 1년차,,2020,37,24,0,24,1,0,0,0,0,0,15.2,10,14,3,0,3,11,3,11,1,5.74,0,15.2,,0.01,0.01,10000,,
2015,삼성,권오준,RP,9,신규,A,2014,34,1,0,1,0,0,0,0,0,0,1,2,3,2,0,0,0,0,0,0,18,0,1,,-0.12,-0.12,12000,고졸,
2016,삼성,권오준,RP,9,신규,A,2015,35,30,0,30,0,0,0,0,0,1,28,25,33,9,0,5,9,5,24,2,8.04,0,28,,-0.28,-0.28,7000,고졸,
2017,삼성,권오준,RP,9,신규,A,2016,36,41,0,41,1,3,0,1,7,0,46.1,20,48,5,2,9,11,3,35,1,3.88,0,46.1,,1.26,1.26,7000,고졸,
2018,삼성,권오준,RP,9,신규,A,2017,37,45,0,45,1,2,0,1,1,2,56,32,57,12,0,11,14,4,55,2,5.14,0,56,,0.66,0.66,10500,고졸,
2019,삼성,권오준,RP,,FA 1년차,,2018,38,47,0,47,3,1,1,0,2,2,43.1,19,43,7,0,7,12,3,52,2,3.95,0,43.1,,0.81,0.81,15000,,
2012,삼성,권혁,RP,9,신규,A,2011,28,58,0,58,1,3,0,,19,,48.1,15,38,,,2,22,2,27,2,2.79,,,,1.27,1.27,19000,고졸,
2013,삼성,권혁,RP,9,신규,A,2012,29,64,0,64,2,3,1,0,18,0,49.1,17,48,,,2,20,1,38,2,3.1,,,,1.2,1.2,22000,고졸,
2014,삼성,권혁,RP,9,신규,A,2013,30,52,0,52,0,1,0,0,3,0,36.1,16,35,5,1,5,16,1,41,1,3.96,0,36.1,,0.43,0.43,26000,고졸,
2015,삼성,권혁,RP,9,신규,A,2014,31,38,0,38,3,2,0,1,1,0,34.2,11,27,7,0,4,11,0,38,1,2.86,0,34.2,,1.01,1.01,26000,고졸,
2016,한화,권혁,CP,,FA 1년차,,2015,32,78,0,78,9,13,17,8,6,0,112,62,124,21,1,15,53,5,88,5,4.98,0,112,,1.15,1.15,45000,,
2016,넥센,금민철,SP,9,신규,A,2015,29,7,5,2,1,1,0,0,0,0,22,11,25,4,0,2,14,2,11,0,4.5,19.1,2.2,0.69,0.08,0.76,8800,고졸,
2017,넥센,금민철,RP,9,신규,A,2016,30,14,2,12,1,1,0,0,0,0,26.1,15,36,4,1,2,9,1,16,2,5.13,5.1,21,-0.23,0.36,0.13,7900,고졸,
2018,넥센,금민철,RP,9,신규,A,2017,31,36,7,29,4,4,0,0,3,0,54,38,81,14,1,3,33,3,42,2,6.33,24,30,0.1,0.34,0.44,7300,고졸,
2019,KT,금민철,SP,9,신규,A,2018,32,29,29,0,8,12,0,0,0,0,156.1,94,212,30,1,19,68,7,79,10,5.41,156.1,0,2.5,,2.5,8000,고졸,
2020,KT,금민철,SP,,FA 1년차,,2019,33,14,14,0,1,4,0,0,0,0,57,32,66,7,1,5,25,7,26,4,5.05,57,0,0.4,,0.4,15000,,
2014,SK,김광현,SP,9,신규,A,2013,25,25,22,3,10,9,0,1,0,0,133,66,128,31,3,12,68,4,102,9,4.47,127.2,5.1,1.76,0.03,1.79,24000,고졸,
2015,SK,김광현,SP,9,신규,A,2014,26,28,28,0,13,9,0,0,0,0,173.2,66,178,36,4,10,81,3,145,9,3.42,173.2,0,6.55,,6.55,27000,고졸,
2016,SK,김광현,SP,9,신규,A,2015,27,30,29,1,14,6,0,0,1,0,176.2,73,173,33,0,19,66,3,160,10,3.72,176.1,0.1,5.14,0.03,5.18,60000,고졸,
2017,SK,김광현,SP,9,신규,A,2016,28,27,21,6,11,8,0,0,1,1,137,59,139,21,2,17,41,6,116,3,3.88,126.2,10.1,3.9,0.22,4.12,85000,고졸,
2018,미국,김광현,,,FA 1년차,,2017,,,,,,,,,,,,,,,,,,,,,,,,,,,,미국,
2021,삼성,김대우,RP,8,자격유지,C,2020,32,28,9,19,3,7,0,0,1,1,77.2,44,95,17,1,9,26,6,37,1,5.1,41,36.2,0.71,0.55,1.26,11500,신규 35세 23년 C등급,
2022,삼성,김대우,RP,8,자격유지,C,2021,33,31,4,27,0,2,0,0,1,0,51,36,68,18,0,7,15,2,27,1,6.35,15,36,-0.23,0.36,0.13,15500,신규 35세 23년 C등급,
2023,삼성,김대우,RP,8,자격유지,C,2022,34,4,0,4,1,0,0,0,0,1,4.1,1,4,0,0,0,0,0,5,0,2.08,0,4.1,,0.16,0.16,12000,신규 35세 23년 C등급,
2024,삼성,김대우,RP,8,자격유지,C,2023,35,44,5,39,0,2,0,0,4,3,64,32,66,9,1,7,22,3,49,1,4.5,21,43,0.2,0.2,0.39,7000,신규 35세 23년 C등급,
2025,삼성,김대우,RP,,FA 1년차,,2024,36,32,1,31,0,0,0,0,5,0,34.1,21,42,9,0,4,9,3,23,1,5.5,2.1,32,-0.03,0.34,0.31,10000,,
2012,롯데,김사율,CP,9,신규,A,2011,31,61,0,61,5,3,20,0,2,0,66.1,24,60,,,4,22,2,54,7,3.26,,,,1.92,1.92,6000,고졸,
2013,롯데,김사율,CP,9,신규,A,2012,32,50,0,50,2,3,34,0,1,0,45.1,15,45,,,4,11,2,43,6,2.98,,,,1.22,1.22,13000,고졸,
2014,롯데,김사율,CP,9,신규,A,2013,33,35,8,27,3,7,1,3,3,0,74.1,33,74,13,1,11,34,2,47,6,4,38.2,35.2,0.76,0.71,1.47,19000,고졸,
2015,롯데,김사율,RP,9,신규,A,2014,34,33,7,26,2,5,0,0,2,1,79.1,51,95,17,2,13,30,3,71,8,5.79,35,44.1,0.51,0.35,0.86,15000,고졸,
2016,KT,김사율,RP,,FA 1년차,,2015,35,21,0,21,0,0,0,0,0,0,25.2,23,40,13,2,4,11,2,24,3,8.06,0,25.2,,-0.63,-0.63,20000,,
2018,넥센,김상수,CP,9,신규,A,2017,29,60,0,60,0,7,15,6,9,3,61.1,26,59,9,0,8,22,3,62,5,3.82,0,61.1,,1.6,1.6,12000,고졸,
2019,넥센,김상수,CP,9,신규,A,2018,30,58,0,58,2,3,18,7,14,0,55.2,32,53,10,0,9,23,1,68,6,5.17,0,55.2,,0.58,0.58,16500,고졸,
2020,키움,김상수,RP,9,신규,A,2019,31,67,0,67,3,5,0,1,40,0,56.2,19,50,6,0,3,28,2,60,0,3.02,0,56.2,,1.69,1.69,20000,고졸,
2021,키움,김상수,RP,9,신규,A,2020,32,60,0,60,3,3,5,3,11,0,51.1,27,52,12,0,3,21,3,48,1,4.73,0,51.1,,0.48,0.48,30000,고졸,
2022,SSG,김상수,CP,,FA 1년차,,2021,33,50,0,50,4,3,6,3,5,0,58.1,33,71,8,0,10,30,1,44,2,5.09,0,58.1,,0.83,0.83,30000,,
2015,롯데,김승회,CP,-1,자격유지,A,2014,33,54,0,54,1,2,20,3,4,0,56,19,47,12,2,4,18,3,40,1,3.05,0,56,,2.35,2.35,12000,고졸,
2016,롯데,김승회,RP,-1,자격유지,A,2015,34,39,7,32,7,3,2,1,2,1,75,52,96,17,1,13,28,4,50,2,6.24,33.2,41.1,0.81,-0.04,0.77,19000,고졸,
2017,SK,김승회,RP,-1,자격유지,A,2016,35,23,0,23,1,1,0,1,4,0,24.1,16,29,4,1,4,9,0,19,2,5.92,0,24.1,,-0.04,-0.04,22000,고졸,
2018,두산,김승회,RP,-1,자격유지,A,2017,36,69,0,69,7,4,0,0,11,2,69,38,86,17,3,6,17,6,41,3,4.96,0,69,,0.9,0.9,10000,고졸,
2019,두산,김승회,RP,,FA 1년차,,2018,37,55,0,55,3,4,3,2,11,0,54.2,21,54,11,0,6,23,5,34,3,3.46,0,54.2,,1.17,1.17,10000,,
2021,KT,김재윤,CP,8,신규,B,2020,30,56,0,56,5,3,21,7,1,0,60.2,22,62,4,2,7,15,0,58,0,3.26,0,60.2,,2.11,2.11,12000,고졸,
2022,KT,김재윤,CP,8,신규,B,2021,31,65,0,65,4,3,32,5,0,0,67,18,57,8,0,5,24,0,64,2,2.42,0,67,,2.69,2.69,17000,고졸,
2023,KT,김재윤,CP,8,신규,B,2022,32,61,0,61,9,7,33,6,0,0,66.1,24,46,6,0,5,21,0,78,2,3.26,0,66.1,,2.26,2.26,28000,고졸,
2024,KT,김재윤,CP,8,신규,B,2023,33,59,0,59,5,5,32,4,0,0,65.2,19,54,5,2,2,13,1,60,3,2.6,0,65.2,,2.8,2.8,36000,고졸,
2025,삼성,김재윤,RP,,FA 1년차,,2024,34,65,0,65,4,8,11,5,25,0,66,30,58,9,1,13,25,1,51,2,4.09,0,66,,1.42,1.42,40000,,
2020,NC,김진성,RP,8,신규,C,2019,34,42,0,42,1,2,0,2,5,0,42,20,39,10,1,6,15,2,35,6,4.29,0,42,,0.16,0.16,23000,35세 이상,
2021,NC,김진성,RP,8,신규,C,2020,35,48,0,48,3,0,0,1,6,0,47.1,14,41,8,2,4,10,0,56,2,2.66,0,47.1,,1.38,1.38,16000,35세 이상,
2022,NC,김진성,RP,8,신규,C,2021,36,42,0,42,2,4,1,2,9,4,37.2,30,43,10,0,7,18,1,37,2,7.17,0,37.2,,-0.97,-0.97,20000,35세 이상,
2023,LG,김진성,RP,8,신규,C,2022,37,67,0,67,6,3,0,2,12,0,58,20,44,6,1,6,22,1,54,2,3.1,0,58,,1.49,1.49,10000,35세 이상,
2024,LG,김진성,RP,,FA 1년차,,2023,38,80,0,80,5,1,4,2,21,2,70.1,17,41,5,1,8,26,0,69,0,2.18,0,70.1,,2.41,2.41,20000,,
2016,두산,노경은,CP,9,신규,A,2015,31,47,0,47,1,4,4,3,0,0,58.1,29,57,12,1,6,37,5,41,8,4.47,0,58.1,,0.27,0.27,20000,고졸,
2017,롯데,노경은,SP,9,신규,A,2016,32,22,20,2,3,12,0,1,0,0,94.2,72,128,25,5,13,48,5,52,10,6.84,92.1,2.1,1.1,-0.35,0.75,20000,고졸,
2018,롯데,노경은,RP,9,신규,A,2017,33,9,2,7,0,2,0,0,0,0,14.2,19,25,5,0,4,8,1,8,1,11.66,7,7.2,0.03,-0.6,-0.57,16000,고졸,
2019,롯데,노경은,SP,9,신규,A,2018,34,33,19,14,9,6,0,0,0,0,132.1,60,127,24,3,18,30,4,89,1,4.08,110.2,21.2,3.54,0.64,4.18,10000,고졸,
2020,미계약,노경은,,,FA 1년차,,2019,,,,,,,,,,,,,,,,,,,,,,,,,,,,미계약,
2010,우리,마일영,SP,9,신규,A,2009,28,27,20,7,5,8,0,,1,,97.1,75,127,,,17,48,3,51,4,6.93,,,-0.03,-0.01,-0.04,11000,고졸,
2011,한화,마일영,RP,9,신규,A,2010,29,47,0,47,1,3,2,,10,,43.2,34,51,,,9,20,1,26,3,7.01,,,,-0.27,-0.27,11000,고졸,
2012,한화,마일영,RP,9,신규,A,2011,30,51,8,43,2,5,0,,8,,69.2,45,75,,,4,49,3,32,6,5.81,,,0.71,-0.59,0.12,8300,고졸,
2013,한화,마일영,RP,9,신규,A,2012,31,55,2,53,2,3,1,0,6,0,61.2,38,86,,,6,18,2,31,9,5.55,,,0,-0.57,-0.57,10000,고졸,
2014,한화,마일영,RP,,FA 1년차,,2013,32,13,1,12,0,1,0,0,0,0,12.1,9,17,0,0,1,6,2,6,0,6.57,1.2,10.2,-0.14,0.07,-0.07,15000,,
2013,넥센,마정길,SP,8,신규,A,2012,33,0,0,0,0,0,0,0,0,0,0,0,0,0,0,0,0,0,0,0,0,0,0,0,0,0,,대졸,부상 시즌 아웃
2014,넥센,마정길,CP,8,신규,A,2013,34,29,0,29,4,1,1,1,1,0,33,15,32,5,1,1,18,3,31,0,4.09,0,33,,0.26,0.26,,대졸,
2015,넥센,마정길,RP,8,신규,A,2014,35,55,0,55,3,3,0,0,7,1,64,34,57,9,0,9,30,12,55,2,4.78,0,64,,1.52,1.52,8800,대졸,
2016,넥센,마정길,RP,8,신규,A,2015,36,35,0,35,0,0,0,0,0,0,37.1,21,36,9,0,4,17,6,33,1,5.06,0,37.1,,0.56,0.56,14000,대졸,
2017,넥센,마정길,RP,,FA 1년차,,2016,37,61,0,61,6,1,0,,12,,63.2,29,61,16,2,10,34,4,52,1,4.1,0,63.2,,1.36,1.36,20000,,
2011,한화,박정진,CP,8,신규,A,2010,34,56,0,56,2,4,10,,6,,79.1,27,58,,,3,36,3,80,4,3.06,,,,2.34,2.34,3500,대졸,
2012,한화,박정진,RP,8,신규,A,2011,35,64,0,64,7,6,7,,16,,86,31,70,,,6,28,1,92,5,3.24,,,,2.33,2.33,7500,대졸,
2013,한화,박정진,RP,8,신규,A,2012,36,63,0,63,4,4,3,0,12,0,49.1,30,36,,,4,27,0,45,5,5.47,,,,-0.01,-0.01,13000,대졸,
2014,한화,박정진,RP,8,신규,A,2013,37,30,0,30,1,5,1,2,6,0,21.2,14,17,4,0,2,14,1,21,6,5.82,0,21.2,,0.07,0.07,14000,대졸,
2015,한화,박정진,CP,4,FA 1년차,A,2014,38,60,0,60,4,4,9,2,7,0,49.1,33,54,14,1,5,25,1,51,1,6.02,0,49.1,,0.48,0.48,20000,고졸,
2016,한화,박정진,RP,4,재자격,A,2015,39,76,0,76,6,1,1,1,15,4,96,33,84,12,1,8,39,5,92,7,3.09,0,96,,2.22,2.22,20000,고졸,
2017,한화,박정진,RP,4,재자격,A,2016,40,77,1,76,4,4,0,1,6,1,84,52,96,14,1,11,33,2,85,9,5.57,1,83,0,0.43,0.43,30000,고졸,
2018,한화,박정진,RP,4,재자격,A,2017,41,55,0,55,3,2,1,0,7,0,48,21,38,6,0,6,24,3,51,3,3.94,0,48,,0.7,0.7,33000,고졸,
2019,은퇴,박정진,SP,,FA 1년차,,2018,,,,,,,,,,,,,,,,,,,,,,,,,,,,은퇴,
2012,삼성,배영수,SP,4,재자격,A,2011,30,25,17,8,6,8,0,0,1,0,103,62,127,,,5,27,6,47,5,5.42,,,0.06,0.19,0.25,40000,고졸,
2013,삼성,배영수,SP,4,재자격,A,2012,31,26,25,1,12,8,0,0,0,0,160,57,159,,,7,39,3,89,5,3.21,,,3.39,0.12,3.51,40000,고졸,
2014,삼성,배영수,SP,4,재자격,A,2013,32,27,26,1,14,4,0,0,0,0,151,79,193,33,5,9,38,14,101,5,4.71,150,1,1.91,0.04,1.95,45000,고졸,
2015,삼성,배영수,SP,4,재자격,A,2014,33,25,24,1,8,6,0,0,0,0,133.2,81,171,39,7,14,39,5,111,4,5.45,133.2,0,2.36,,2.36,55000,고졸,
2016,한화,배영수,SP,,FA 1년차,,2015,34,32,21,11,4,11,0,1,1,0,101,79,124,19,1,21,39,14,56,6,7.04,85,16,-0.11,0.09,-0.02,55000,,
2019,삼성,백정현,SP,9,신규,B,2018,31,25,23,2,7,7,1,0,0,0,125.2,64,142,27,2,18,36,3,99,2,4.58,120,5.2,3.13,0.23,3.36,15500,고졸,
2020,삼성,백정현,SP,9,신규,B,2019,32,28,27,1,8,10,0,0,0,0,157,74,158,29,4,17,56,6,82,4,4.24,153.2,3.1,3.08,-0.17,2.91,21000,고졸,
2021,삼성,백정현,SP,9,신규,B,2020,33,11,11,0,4,4,0,0,0,0,59,34,67,15,2,13,17,1,46,1,5.19,59,0,0.32,,0.32,28000,고졸,
2022,삼성,백정현,SP,9,신규,B,2021,34,27,27,0,14,5,0,0,0,0,157.2,46,142,25,1,15,54,2,109,5,2.63,157.2,0,6.2,,6.2,25500,고졸,
2023,삼성,백정현,SP,,FA 1년차,,2022,35,24,24,0,4,13,0,0,0,0,124.2,73,154,27,2,22,37,9,70,9,5.27,124.2,0,1.51,,1.51,80000,,
2014,LG,봉중근,CP,9,신규,A,2013,33,55,0,55,8,1,38,3,0,0,61,9,44,8,0,2,27,3,54,3,1.33,0,61,,2.95,2.95,15000,고졸,
2015,LG,봉중근,CP,9,신규,A,2014,34,50,0,50,2,4,30,6,0,0,49.2,16,51,7,0,2,17,4,45,6,2.9,0,49.2,,2.15,2.15,45000,고졸,
2016,LG,봉중근,CP,9,신규,A,2015,35,47,2,45,5,2,15,5,0,0,49.1,27,60,6,0,10,23,6,39,3,4.93,8.1,41,0.09,-0.41,-0.32,45000,고졸,
2017,LG,봉중근,RP,9,신규,A,2016,36,19,5,14,1,0,0,2,2,0,36.1,20,41,9,0,4,22,2,20,0,4.95,18.2,17.2,0.54,0.08,0.62,30000,고졸,
2018,은퇴,봉중근,,,FA 1년차,,2017,,,,,,,,,,,,,,,,,,,,,,,,,,,,은퇴,
2013,넥센,손승락,CP,8,신규,A,2012,30,53,0,53,3,2,33,,0,,50.1,12,50,,,2,15,0,47,2,2.15,,,,1.88,1.88,18000,대졸,
2014,넥센,손승락,CP,8,신규,A,2013,31,57,0,57,3,2,46,5,0,0,62.2,16,50,7,2,1,20,1,52,4,2.3,0,62.2,,2.7,2.7,26000,대졸,
2015,넥센,손승락,CP,8,신규,A,2014,32,62,0,62,3,5,32,6,0,0,62.1,30,69,12,0,6,11,2,53,3,4.33,0,62.1,,1.54,1.54,43000,대졸,
2016,넥센,손승락,CP,8,신규,A,2015,33,58,0,58,4,6,23,6,0,0,61.1,26,73,7,1,6,13,3,63,1,3.82,0,61.1,,0.49,0.49,53000,대졸,
2017,롯데,손승락,CP,4,FA 1년차,A,2016,34,48,0,48,7,3,20,6,0,0,50.2,24,61,6,1,5,24,3,48,5,4.26,0,50.2,,1.42,1.42,70000,고졸,
2018,롯데,손승락,CP,4,재자격,A,2017,35,61,0,61,1,3,37,5,0,0,62,15,59,3,1,7,11,1,62,0,2.18,0,62,,2.79,2.79,70000,고졸,
2019,롯데,손승락,CP,4,재자격,A,2018,36,57,0,57,3,5,28,6,0,0,57.2,25,53,13,0,1,20,1,60,2,3.9,0,57.2,,2.49,2.49,70000,고졸,
2020,롯데,손승락,CP,4,재자격,A,2019,37,53,0,53,4,3,9,4,2,1,52.2,23,55,9,1,3,19,3,44,2,3.93,0,52.2,,0.85,0.85,70000,고졸,
2021,은퇴,손승락,,,,,2020,,,,,,,,,,,,,,,,,,,,,,,,,,,,은퇴,
2013,롯데,송승준,SP,9,신규,A,2012,32,28,28,0,7,11,0,,0,,163,60,158,,,12,57,8,117,5,3.31,,,2.96,,2.96,30000,고졸,
2014,롯데,송승준,SP,9,신규,A,2013,33,29,29,0,12,6,0,0,0,0,167.2,70,171,32,3,11,64,4,133,4,3.76,167.2,0,4.78,,4.78,31000,고졸,
2015,롯데,송승준,SP,9,신규,A,2014,34,24,23,1,8,11,0,0,0,0,122,82,166,29,4,16,43,10,89,4,6.05,117.2,4.1,1.68,0.23,1.91,36000,고졸,
2016,롯데,송승준,SP,9,신규,A,2015,35,25,23,2,8,7,0,0,0,0,125,66,131,19,1,17,46,4,112,8,4.75,120.2,4.1,2.71,0.29,3,34000,고졸,
2017,롯데,송승준,SP,,FA 1년차,,2016,36,10,10,0,1,2,0,0,0,0,41.1,40,62,9,1,6,21,2,35,4,8.71,41.1,0,-0.08,,-0.08,40000,,
2012,SK,송은범,RP,9,신규,A,2011,27,38,11,27,8,8,1,,4,,78.2,30,71,,,10,45,2,55,5,3.43,,,1.36,0.22,1.58,22000,고졸,
2013,SK,송은범,SP,9,신규,A,2012,28,20,19,1,8,3,0,,0,,97.2,45,98,,,6,44,2,72,4,4.15,,,1.25,0.05,1.3,24000,고졸,
2014,KIA,송은범,CP,9,신규,A,2013,29,41,4,37,1,7,5,3,6,0,,40,71,15,2,4,27,0,29,9,7.35,15.2,33.1,-0.18,-0.18,-0.36,24000,고졸,
2015,KIA,송은범,RP,9,신규,A,2014,30,27,11,16,4,8,0,0,0,0,78.2,64,114,16,5,11,43,5,60,12,7.32,52.2,26,0.27,-0.34,-0.08,30000,고졸,
2017,한화,송은범,SP,4,재자격,A,2016,32,30,27,3,2,11,0,0,1,0,122,87,159,21,1,13,49,5,85,11,6.42,118,4,1.41,-0.2,1.21,45000,고졸,
2018,한화,송은범,RP,4,재자격,A,2017,33,13,6,7,0,4,1,0,0,1,37.1,27,45,4,0,4,23,3,15,1,6.51,27.1,10,0.4,-0.28,0.12,45000,고졸,
2019,한화,송은범,RP,4,재자격,A,2018,34,68,0,68,7,4,1,3,10,1,79.1,22,77,9,1,2,33,5,61,8,2.5,0,79.1,,2.77,2.77,45000,고졸,
2020,LG,송은범,RP,4,재자격,A,2019,35,63,0,63,2,6,1,0,9,0,,35,80,5,2,6,23,3,36,3,5.25,0,60,,-0.11,-0.11,25000,고졸,
2021,LG,송은범,RP,,FA 1년차,,2020,36,56,1,55,4,2,2,0,6,0,56,28,66,8,1,4,19,3,28,2,4.5,2.1,53.2,-0.33,0.91,0.58,27000,,
2013,넥센,심수창,RP,8,신규,A,2012,31,21,3,18,0,5,0,,0,,40.2,33,58,,,3,21,2,24,2,7.3,,,-0.36,-0.34,-0.7,6500,대졸,
2014,넥센,심수창,SP,8,신규,A,2013,32,0,0,0,0,0,0,0,0,0,0,0,0,0,0,0,0,0,0,0,0,0,0,0,0,0,,대졸,1군 기록 없음
2015,롯데,심수창,CP,8,신규,A,2014,33,11,0,11,0,0,2,0,0,0,19.2,20,24,5,1,7,8,0,14,1,9.15,0,19.2,,0.03,0.03,5500,대졸,
2016,롯데,심수창,CP,8,신규,A,2015,34,39,6,33,4,6,5,2,3,0,73.1,49,99,14,0,9,29,3,76,14,6.01,26.1,47,-0.17,0.23,0.05,5500,대졸,
2017,한화,심수창,RP,,FA 1년차,,2016,35,66,10,56,5,5,2,0,6,0,113.1,75,138,23,1,14,58,4,76,6,5.96,32.2,80.2,0,0.33,0.33,25000,,
2015,한화,안영명,RP,9,신규,A,2014,30,48,6,42,7,6,4,1,6,3,97.2,49,114,20,3,8,36,13,64,3,4.52,31,66.2,-0.24,1.91,1.68,11500,고졸,
2016,한화,안영명,SP,9,신규,A,2015,31,35,27,8,10,6,0,0,1,0,125.1,71,137,23,1,15,60,11,82,4,5.1,114.1,11,2.48,0.16,2.64,15500,고졸,
2017,한화,안영명,SP,9,신규,A,2016,32,2,1,1,0,1,0,0,0,0,2.2,6,9,3,0,0,4,0,1,0,20.25,2,0.2,-0.33,-0.13,-0.47,28000,고졸,
2018,한화,안영명,SP,9,신규,A,2017,33,25,16,9,1,8,0,1,0,0,87.2,56,123,30,2,11,28,5,54,5,5.75,75.1,12.1,0.62,0.05,0.66,20000,고졸,
2019,한화,안영명,RP,,FA 1년차,,2018,34,53,1,52,8,2,0,1,8,0,66,42,83,10,0,12,15,4,48,4,5.73,5,61,0.1,0.81,0.91,35000,,
2012,삼성,안지만,RP,9,신규,A,2011,28,47,5,42,11,5,0,,17,,86,27,74,,,3,20,4,77,2,2.83,,,0.64,2.02,2.66,17000,고졸,
2013,삼성,안지만,RP,9,신규,A,2012,29,56,0,56,1,2,0,,28,,63.1,12,42,,,1,20,0,58,1,1.71,,,,2.9,2.9,25000,고졸,
2014,삼성,안지만,RP,9,신규,A,2013,30,54,0,54,6,2,0,3,22,3,63.2,22,46,8,1,3,23,3,60,5,3.11,0,63.2,,1.23,1.23,30000,고졸,
2015,삼성,안지만,RP,9,신규,A,2014,31,55,0,55,6,3,1,4,27,0,62.1,26,51,9,0,5,30,4,67,4,3.75,0,62.1,,1.63,1.63,41000,고졸,
2016,삼성,안지만,RP,,FA 1년차,,2015,32,66,0,66,4,3,0,,37,,78.1,29,76,18,2,8,26,2,96,2,3.33,0,78.1,,2.52,2.52,75000,,
2014,KIA,양현종,SP,9,신규,A,2013,25,19,17,2,9,3,0,0,0,0,104.2,36,99,14,1,10,43,6,95,3,3.1,97.1,7.1,3.77,0.57,4.34,9000,고졸,
2015,KIA,양현종,SP,9,신규,A,2014,26,29,29,0,16,8,0,0,0,0,171.1,81,162,30,6,12,77,4,165,5,4.25,171.1,0,5.63,,5.63,12000,고졸,
2016,KIA,양현종,SP,9,신규,A,2015,27,32,31,1,15,6,0,0,1,0,184.1,50,150,27,2,18,78,7,157,6,2.44,184,0.1,8.97,0.04,9.01,40000,고졸,
2017,KIA,양현종,SP,9,신규,A,2016,28,31,31,0,10,12,0,0,0,0,200.1,82,191,31,2,19,77,2,146,6,3.68,200.1,0,6.19,,6.19,75000,고졸,
2018,KIA,양현종,SP,4,재자격,B,2017,29,31,31,0,20,6,0,0,0,0,193.1,74,209,32,2,17,45,0,158,14,3.44,193.1,0,6.17,,6.17,150000,고졸,
2019,KIA,양현종,SP,4,재자격,B,2018,30,29,29,0,13,11,0,0,0,0,184.1,85,199,33,0,21,43,2,152,5,4.15,184.1,0,5.83,,5.83,230000,고졸,
2020,KIA,양현종,SP,4,재자격,B,2019,31,29,29,0,16,8,0,0,0,0,184.2,47,165,32,1,6,33,2,163,1,2.29,184.2,0,7.53,,7.53,230000,고졸,
2021,KIA,양현종,SP,4,재자격,B,2020,32,31,31,0,11,10,0,0,0,0,172.1,90,180,40,4,13,64,5,149,7,4.7,172.1,0,3.9,,3.9,230000,고졸,
2022,미국,양현종,,,,,2021,,,,,,,,,,,,,,,,,,,,,,,,,,,,미국,
2011,삼성,오승환,CP,8,신규,A,2010,28,16,0,16,0,0,4,,0,,14,7,13,,,4,5,0,19,1,4.5,,,,0.32,0.32,26000,대졸,
2012,삼성,오승환,CP,8,신규,A,2011,29,54,0,54,1,0,47,,0,,57,4,27,,,2,11,0,76,1,0.63,,,,3.78,3.78,24000,대졸,
2013,삼성,오승환,CP,8,신규,A,2012,30,50,0,50,2,1,37,0,0,0,55.2,12,33,,,1,13,3,81,2,1.94,,,,2.36,2.36,38000,대졸,
2014,삼성,오승환,CP,8,신규,A,2013,31,48,0,48,4,1,28,2,0,0,51.2,10,33,7,1,4,10,2,54,0,1.74,0,51.2,,1.69,1.69,55000,대졸,
2015,일본,오승환,,,FA 1년차,,2014,,,,,,,,,,,,,,,,,,,,,,,,,,,,,
2021,삼성,오승환,CP,4,신규,C,2020,38,45,0,45,3,2,18,4,2,0,47.2,14,44,10,1,2,15,2,39,1,2.64,0,47.2,,2.14,2.14,120000,신규 35세 해외 복귀,
2022,삼성,오승환,CP,4,신규,C,2021,39,64,0,64,0,2,44,1,0,0,62,14,56,15,3,3,16,2,57,2,2.03,0,62,,2.7,2.7,110000,신규 35세 해외 복귀,
2023,삼성,오승환,CP,4,신규,C,2022,40,57,0,57,6,2,31,7,2,0,57,21,59,9,1,8,13,1,51,1,3.32,0,57,,1.54,1.54,160000,신규 35세 해외 복귀,
2024,삼성,오승환,CP,4,신규,C,2023,41,58,1,57,4,5,30,4,2,0,62.2,24,57,11,1,9,15,2,44,0,3.45,5,57.2,0.06,0.93,0.99,140000,신규 35세 해외 복귀,
2025,삼성,오승환,CP,,FA 1년차,,2024,42,58,0,58,3,9,27,8,2,1,55,30,75,17,2,9,18,3,42,5,4.91,0,55,,0.09,0.09,40000,,
2017,넥센,오주원,RP,9,신규,A,2016,31,55,0,55,3,2,2,0,7,0,51,25,50,7,1,3,17,4,40,0,4.41,0,51,,1.56,1.56,8800,고졸,
2018,넥센,오주원,RP,9,신규,A,2017,32,57,3,54,2,7,1,1,18,2,73.2,39,96,22,1,10,15,2,56,6,4.76,15,58.2,0,1.3,1.3,12000,고졸,
2019,넥센,오주원,RP,9,신규,A,2018,33,61,0,61,3,6,1,3,15,0,52.1,36,61,11,0,8,13,1,36,1,6.19,0,52.1,,0.56,0.56,15000,고졸,
2020,키움,오주원,CP,9,신규,A,2019,34,57,0,57,3,3,18,2,3,0,54.1,14,54,7,0,1,7,3,41,1,2.32,0,54.1,,2.13,2.13,15000,고졸,
2021,키움,오주원,RP,,FA 1년차,,2020,35,25,0,25,3,1,0,1,2,1,18.1,11,22,2,0,6,0,0,13,0,5.4,0,18.1,,-0.06,-0.06,20000,,
2014,LG,우규민,SP,9,신규,A,2013,28,30,25,5,10,8,0,0,2,1,147.1,64,162,25,6,5,31,12,92,2,3.91,139,8.1,3.67,-0.44,3.23,,고졸,
2015,LG,우규민,SP,9,신규,A,2014,29,29,28,1,11,5,0,0,0,0,153.2,69,170,18,5,11,34,12,103,2,4.04,152.2,1,4.48,0.04,4.53,18000,고졸,
2016,LG,우규민,SP,9,신규,A,2015,30,25,25,0,11,9,0,0,0,0,152.2,58,163,26,5,13,17,12,119,2,3.42,152.2,0,5.21,,5.21,30000,고졸,
2017,LG,우규민,SP,9,신규,A,2016,31,28,24,4,6,11,0,0,1,1,132,72,166,30,0,16,36,18,81,1,4.91,129,3,2.55,-0.42,2.13,40000,고졸,
2018,삼성,우규민,SP,4,FA 1년차,B,2017,32,27,25,2,7,10,0,0,0,0,133,77,161,28,4,19,23,16,100,2,5.21,130,3,1.18,0.15,1.33,70000,고졸,
2019,삼성,우규민,RP,4,재자격,B,2018,33,48,0,48,4,1,0,1,10,0,58.2,28,70,12,0,6,12,5,48,0,4.3,0,58.2,,1.86,1.86,70000,고졸,
2020,삼성,우규민,CP,4,재자격,B,2019,34,54,0,54,2,7,15,3,7,0,59,18,58,3,0,7,10,6,40,0,2.75,0,59,,2.02,2.02,70000,고졸,
2021,삼성,우규민,RP,4,재자격,B,2020,35,52,0,52,3,3,7,2,11,1,48,33,61,10,1,3,9,1,30,0,6.19,0,48,,0.5,0.5,70000,고졸,
2022,삼성,우규민,RP,,FA 1년차,,2021,36,60,0,60,3,3,2,4,24,0,49,18,58,4,1,5,9,2,35,1,3.31,0,49,,0.9,0.9,20000,,
2020,NC,원종현,CP,8,신규,C,2019,32,60,0,60,3,3,31,9,0,0,60,26,62,9,2,4,17,3,59,5,3.9,0,60,,0.35,0.35,20000,35세 이상,
2021,NC,원종현,CP,8,신규,C,2020,33,58,0,58,3,5,30,6,0,0,57,27,56,5,1,4,20,2,41,4,4.26,0,57,,0.87,0.87,26000,35세 이상,
2022,NC,원종현,CP,8,신규,C,2021,34,61,0,61,2,2,14,7,6,0,53,25,67,9,0,5,23,3,45,4,4.25,0,53,,0.13,0.13,30000,35세 이상,
2023,NC,원종현,RP,8,신규,C,2022,35,68,0,68,5,0,1,3,13,0,63.1,21,55,8,0,5,17,1,50,2,2.98,0,63.1,,1.11,1.11,27000,35세 이상,
2024,키움,원종현,RP,,FA 1년차,,2023,36,20,0,20,1,1,0,4,6,0,18.2,12,24,8,1,3,5,1,17,2,5.79,0,18.2,,-0.24,-0.24,50000,,
2010,KIA,유동훈,CP,8,신규,A,2009,32,57,0,57,6,2,22,,10,,67.1,4,37,,,2,13,7,38,0,0.53,,,,4.62,4.62,9000,대졸,
2011,KIA,유동훈,CP,8,신규,A,2010,33,48,0,48,3,2,14,,1,,47.1,15,46,,,1,10,7,32,0,2.85,,,,1.25,1.25,21000,대졸,
2012,KIA,유동훈,CP,8,신규,A,2011,34,47,0,47,3,3,7,,2,,48,21,51,,,4,12,4,21,0,3.94,,,,0.78,0.78,18000,대졸,
2013,KIA,유동훈,CP,8,신규,A,2012,35,43,0,43,1,0,6,0,5,0,34,20,33,,,0,10,2,29,0,5.29,,,,0.03,0.03,15000,대졸,
2014,KIA,유동훈,RP,,FA 1년차,,2013,36,49,0,49,1,3,0,0,5,1,52.1,17,56,14,1,3,12,7,38,1,2.92,0,52.1,,0.85,0.85,17500,,
2018,두산,유희관,SP,8,신규,A,2017,31,30,29,1,11,6,0,0,1,0,188.2,95,228,37,3,20,41,10,106,5,4.53,188.1,0.1,3.9,-0.01,3.89,50000,대졸,
2019,두산,유희관,SP,8,신규,A,2018,32,29,28,1,10,10,0,0,0,0,141,105,197,41,3,23,42,4,81,1,6.7,138,3,0.78,0.09,0.87,50000,대졸,
2020,두산,유희관,SP,8,신규,A,2019,33,28,27,1,11,8,0,0,0,0,166.1,60,171,37,2,8,42,3,64,2,3.25,165.2,0.2,4.71,-0.19,4.52,35000,대졸,
2021,두산,유희관,SP,8,신규,A,2020,34,27,27,0,10,11,0,0,0,0,136.1,76,190,37,5,14,39,3,56,1,5.02,136.1,0,1.49,,1.49,47000,대졸,
2022,두산,유희관,SP,,FA 1년차,,2021,35,15,15,0,4,7,0,0,0,0,63,54,107,14,3,10,24,3,23,0,7.71,63,0,-0.57,,-0.57,30000,,
2017,한화,윤규진,RP,9,신규,A,2016,32,41,16,25,7,7,1,0,3,2,100.1,76,125,16,2,19,54,8,74,4,6.82,71.1,29,0.74,0.26,1,17000,고졸,
2018,한화,윤규진,SP,9,신규,A,2017,33,36,18,18,8,7,0,0,2,0,119,69,138,20,2,19,44,4,93,5,5.22,98.2,20.1,2.36,-0.08,2.28,18000,고졸,
2019,한화,윤규진,SP,9,신규,A,2018,34,18,17,1,2,6,0,0,0,0,84,55,99,22,2,14,30,6,81,3,5.89,82,2,0.95,0,0.95,21000,고졸,
2020,한화,윤규진,RP,9,신규,A,2019,35,3,0,3,0,0,0,0,0,0,4.1,5,6,2,1,0,1,0,1,0,10.38,0,4.1,,-0.09,-0.09,20000,고졸,
2021,한화,윤규진,RP,,FA 1년차,,2020,36,2,0,2,0,0,0,0,0,0,3.2,3,7,0,0,1,1,0,4,0,7.36,0,3.2,,-0.14,-0.14,17000,,
2013,SK,윤길현,RP,9,신규,A,2012,29,5,0,5,0,0,0,,0,,3.1,4,6,,,1,3,0,1,0,10.8,,,,-0.11,-0.11,15500,고졸,
2014,SK,윤길현,RP,9,신규,A,2013,30,45,0,45,3,1,0,0,8,0,43.1,16,35,11,0,5,21,2,47,4,3.32,0,43.1,,0.87,0.87,12500,고졸,
2015,SK,윤길현,RP,9,신규,A,2014,31,59,0,59,3,3,7,3,9,2,57.2,25,49,10,1,7,28,1,63,9,3.9,0,57.2,,1.05,1.05,14500,고졸,
2016,SK,윤길현,CP,9,신규,A,2015,32,70,0,70,0,4,13,5,17,0,62.2,22,58,12,0,7,36,2,62,3,3.16,0,62.2,,1.21,1.21,22000,고졸,
2017,롯데,윤길현,RP,,FA 1년차,,2016,33,62,0,62,7,7,2,8,16,0,60,40,75,17,3,8,22,2,50,3,6,0,60,,0.2,0.2,50000,,
2011,KIA,윤석민,SP,9,신규,A,2010,24,23,13,10,6,3,3,,0,,101,43,95,,,5,36,3,94,3,3.83,,,1.95,0.05,2,22000,고졸,
2012,KIA,윤석민,SP,9,신규,A,2011,25,27,25,2,17,5,1,,0,,172.1,47,137,,,10,44,6,178,2,2.45,,,5.72,0.22,5.94,19000,고졸,
2013,KIA,윤석민,SP,9,신규,A,2012,26,28,24,4,9,8,0,0,0,0,153,53,120,,,9,33,8,137,4,3.12,,,2.99,0.26,3.25,38000,고졸,
2014,KIA,윤석민,CP,9,신규,A,2013,27,30,11,19,3,6,7,1,2,1,87.2,39,91,18,3,9,28,1,76,0,4,62.2,25,1.72,0.82,2.54,38000,고졸,
2015,미국,윤석민,,,FA 1년차,,2014,,,,,,,,,,,,,,,,,,,,,,,,,,,,미국,
2012,삼성,윤성환,SP,8,신규,A,2011,30,24,23,1,14,5,0,,0,,137.1,54,151,,,8,30,3,83,4,3.54,,,2.71,0.05,2.77,15000,대졸,
2013,삼성,윤성환,SP,8,신규,A,2012,31,19,19,0,9,6,0,,0,,114,36,112,,,6,26,4,81,5,2.84,,,3.58,,3.58,25000,대졸,
2014,삼성,윤성환,SP,8,신규,A,2013,32,27,27,0,13,8,0,0,0,0,170.2,62,167,40,2,16,37,4,122,4,3.27,170.2,0,5.24,,5.24,30000,대졸,
2015,삼성,윤성환,SP,8,신규,A,2014,33,28,28,0,12,7,0,0,0,0,170.1,83,196,30,4,18,37,8,133,4,4.39,170.1,0,4.75,,4.75,45000,대졸,
2016,삼성,윤성환,SP,4,FA 1년차,A,2015,34,30,30,0,17,8,0,0,0,0,194,81,199,34,4,27,30,10,164,1,3.76,194,0,6.34,,6.34,80000,고졸,
2017,삼성,윤성환,SP,4,재자격,A,2016,35,28,28,0,11,10,0,0,0,0,180,87,202,35,3,25,41,13,85,6,4.35,180,0,5.12,,5.12,80000,고졸,
2018,삼성,윤성환,SP,4,재자격,A,2017,36,28,28,0,12,9,0,0,0,0,174.1,83,181,39,4,22,37,15,130,3,4.28,174.1,0,5.45,,5.45,80000,고졸,
2019,삼성,윤성환,SP,4,재자격,A,2018,37,24,24,0,5,9,0,0,0,0,117.1,91,164,30,0,28,32,9,89,2,6.98,117.1,0,0.8,,0.8,80000,고졸,
2020,삼성,윤성환,SP,,FA 1년차,,2019,38,27,27,0,8,13,0,0,0,0,145.1,77,168,34,3,14,50,7,65,3,4.77,145.1,0,2.09,,2.09,40000,,
2013,LG,이동현,RP,9,신규,A,2012,29,52,0,52,2,2,0,,6,,56.2,19,43,,,1,18,0,56,0,3.02,,,,1.37,1.37,5000,고졸,
2014,LG,이동현,RP,9,신규,A,2013,30,64,0,64,6,3,1,3,25,2,72,24,70,8,2,4,25,3,53,1,3,0,72,,1.69,1.69,8500,고졸,
2015,LG,이동현,RP,9,신규,A,2014,31,61,0,61,5,1,2,4,23,0,59.1,18,54,10,1,2,21,8,38,3,2.73,0,59.1,,1.86,1.86,17000,고졸,
2016,LG,이동현,RP,9,신규,A,2015,32,60,0,60,5,5,4,4,11,0,59.1,29,65,13,0,4,20,2,55,7,4.4,0,59.1,,0.46,0.46,30000,고졸,
2017,LG,이동현,RP,,FA 1년차,,2016,33,46,0,46,4,3,2,2,5,1,43.1,26,54,13,0,5,14,3,38,3,5.4,0,43.1,,-0.03,-0.03,60000,,
2016,군 복무,이보근,SP,9,신규,A,2015,29,,,,,,,,,,,,,,,,,,,,,,,,,,,고졸,
2017,넥센,이보근,RP,9,신규,A,2016,30,67,0,67,5,7,0,2,25,4,64.2,32,69,13,3,3,27,6,56,5,4.45,0,64.2,,1.08,1.08,8400,고졸,
2018,넥센,이보근,RP,9,신규,A,2017,31,55,0,55,6,2,6,3,18,0,52.2,32,62,9,0,9,17,0,58,2,5.47,0,52.2,,0.51,0.51,15000,고졸,
2019,넥센,이보근,RP,9,신규,A,2018,32,64,0,64,7,6,0,4,24,0,61,29,66,10,2,6,14,4,54,2,4.28,0,61,,1.03,1.03,14000,고졸,
2020,키움,이보근,RP,,FA 1년차,,2019,33,19,0,19,0,2,0,1,3,0,16.2,18,29,3,2,1,4,0,12,0,9.72,0,16.2,,-0.5,-0.5,20000,,
2018,두산,이용찬,CP,9,신규,A,2017,28,68,0,68,5,5,22,2,2,0,71.2,35,83,16,1,5,27,4,57,3,4.4,0,71.2,,1.35,1.35,18000,고졸,
2019,두산,이용찬,SP,9,신규,A,2018,29,25,24,1,15,3,0,0,0,0,144,58,151,24,1,14,36,8,102,6,3.63,142,2,5.14,0.14,5.27,23500,고졸,
2020,두산,이용찬,SP,9,신규,A,2019,30,26,26,0,7,10,0,0,0,0,148.1,67,168,28,2,15,45,6,102,3,4.07,148.1,0,2.75,,2.75,39000,고졸,
2021,두산,이용찬,SP,9,신규,A,2020,31,5,5,0,1,3,0,0,0,0,26.2,25,41,8,0,7,6,0,15,1,8.44,26.2,0,-0.17,,-0.17,42000,고졸,
2022,NC,이용찬,CP,,FA 1년차,,2021,32,39,0,39,1,3,16,4,3,0,37,9,27,4,0,2,11,1,35,2,2.19,0,37,,1.41,1.41,10000,,
2012,SK,이재영,RP,8,신규,A,2011,32,21,0,21,2,0,0,,2,,29,9,19,,,3,8,0,15,0,2.79,,,,0.97,0.97,10000,대졸,
2013,SK,이재영,RP,8,신규,A,2012,33,48,0,48,6,3,1,,10,,65,31,65,,,6,35,5,46,3,4.29,,,,0.56,0.56,10000,대졸,
2014,SK,이재영,RP,8,신규,A,2013,34,44,0,44,2,4,0,1,3,0,43.2,27,39,6,0,5,24,5,35,2,5.56,0,43.2,,-0.22,-0.22,12000,대졸,
2015,SK,이재영,RP,8,신규,A,2014,35,38,0,38,1,0,0,0,4,1,48,33,45,11,1,7,28,0,42,5,6.19,0,48,,0.27,0.27,12000,대졸,
2016,SK,이재영,RP,,FA 1년차,,2015,36,26,0,26,1,0,0,0,1,0,31,16,36,12,1,4,13,3,26,1,4.65,0,31,,0.55,0.55,15000,,
2020,NC,이재학,SP,9,신규,B,2019,29,24,23,1,10,4,0,0,0,0,129.2,54,133,24,2,6,43,9,91,6,3.75,127.2,2,3.2,0.03,3.23,24500,고졸,
2021,NC,이재학,SP,9,신규,B,2020,30,19,19,0,5,6,0,0,0,0,90.2,66,105,21,1,14,43,5,61,4,6.55,90.2,0,1.01,,1.01,27500,고졸,
2022,NC,이재학,SP,9,신규,B,2021,31,17,17,0,6,6,0,0,0,0,83,48,74,16,1,14,52,6,65,3,5.2,83,0,1.65,,1.65,20000,고졸,
2023,NC,이재학,SP,9,신규,B,2022,32,26,17,9,3,8,0,0,0,0,91,48,75,14,2,5,54,8,72,6,4.75,73.2,17.1,1.34,-0.29,1.05,18000,고졸,
2024,NC,이재학,SP,,FA 1년차,,2023,33,15,13,2,5,5,0,0,0,0,67.1,34,55,5,2,6,33,5,43,7,4.54,64.1,3,1.05,0.21,1.26,20000,,
2010,롯데,이정훈,RP,9,신규,A,2009,32,57,0,57,1,3,8,,9,,74.1,25,77,,,5,28,8,50,4,3.03,,,,2.94,2.94,3600,고졸,
2011,롯데,이정훈,RP,9,신규,A,2010,33,43,0,43,3,9,1,,5,,46,35,56,,,4,19,4,27,3,6.85,,,,-0.15,-0.15,7200,고졸,
2012,넥센,이정훈,RP,9,신규,A,2011,34,44,0,44,3,3,1,,7,,52.1,22,50,,,1,19,6,31,6,3.78,,,,1.02,1.02,7200,고졸,
2013,넥센,이정훈,RP,9,신규,A,2012,35,40,0,40,4,4,1,0,8,0,44.1,23,45,,,2,17,5,32,3,4.67,,,,-0.1,-0.1,8200,고졸,
2014,넥센,이정훈,RP,,FA 1년차,,2013,36,56,0,56,5,2,1,2,11,1,69,23,69,12,3,5,24,2,29,1,3,0,69,,1.41,1.41,10000,,
2020,한화,이태양,RP,8,신규,C,2019,29,55,1,54,1,6,0,5,10,0,66.2,43,74,11,2,8,13,3,64,4,5.81,5,61.2,-0.11,-0.56,-0.68,15000,고졸,
2021,한화,이태양,RP,8,신규,C,2020,30,7,0,7,0,0,0,0,0,0,8.2,7,11,2,1,1,5,0,8,1,7.27,0,8.2,,-0.06,-0.06,14000,고졸,
2021,SK,이태양,RP,8,신규,C,2020,30,46,0,46,2,1,0,0,4,0,47.1,27,57,10,0,7,11,1,37,2,5.13,0,47.1,,0.57,0.57,14000,고졸,
2022,SSG,이태양,RP,8,신규,C,2021,31,40,14,26,5,10,0,0,4,0,103.2,66,123,23,1,25,32,1,62,2,5.73,76.2,27,0.85,-0.1,0.75,10000,고졸,
2023,SSG,이태양,SP,8,신규,C,2022,32,30,17,13,8,3,0,0,1,0,112,45,116,18,0,15,24,5,61,0,3.62,92,20,2.22,0.55,2.77,12000,고졸,
2024,한화,이태양,RP,,FA 1년차,,2023,33,50,12,38,3,3,0,0,2,0,100.1,36,100,25,6,7,21,3,72,1,3.23,50.1,50,0.83,0.95,1.78,66000,,
2014,군 복무,이현승,SP,8,신규,A,2013,30,,,,,,,,,,,,,,,,,,,,,,,,,,,대졸,
2015,두산,이현승,RP,8,신규,A,2014,31,65,3,62,3,3,0,1,15,0,55,31,68,12,2,2,23,3,39,4,5.07,11.1,43.2,0.36,0.17,0.53,11000,대졸,
2016,두산,이현승,CP,8,신규,A,2015,32,41,0,41,3,1,18,6,2,1,46.2,15,45,9,0,3,10,2,41,2,2.89,0,46.2,,0.93,0.93,15500,대졸,
2017,두산,이현승,CP,8,신규,A,2016,33,56,0,56,1,4,25,7,1,0,57.2,31,65,10,2,8,17,7,41,2,4.84,0,57.2,,-0.03,-0.03,40000,대졸,
2018,두산,이현승,CP,,FA 1년차,,2017,34,57,0,57,3,2,5,7,9,0,52,23,62,9,2,4,16,4,38,0,3.98,0,52,,0.74,0.74,40000,,
2021,LG,임찬규,SP,9,자격유지,B,2020,28,27,26,1,10,9,0,0,0,0,147.2,67,143,29,2,14,65,5,138,4,4.08,142,5.2,2.83,0.33,3.16,13500,23년 B등급,
2022,LG,임찬규,SP,9,자격유지,B,2021,29,17,17,0,1,8,0,0,0,0,90.2,39,76,9,3,7,41,3,67,5,3.87,90.2,0,1.88,,1.88,22000,23년 B등급,
2023,LG,임찬규,SP,9,자격유지,B,2022,30,23,23,0,6,11,0,0,0,0,103.2,58,113,13,3,10,39,7,75,3,5.04,103.2,0,1.16,,1.16,20000,23년 B등급,
2024,LG,임찬규,SP,9,자격유지,B,2023,31,30,26,4,14,3,0,0,1,0,144.2,55,142,22,2,10,54,5,103,1,3.42,136.2,8,3.58,0.2,3.78,17000,23년 B등급,
2025,LG,임찬규,SP,,FA 1년차,,2024,32,25,24,1,10,6,0,0,1,0,134,57,144,29,1,12,42,5,136,1,3.83,133,1,4.39,0.07,4.46,20000,,
2021,NC,임창민,RP,9,자격유지,C,2020,35,44,0,44,7,2,0,1,11,1,37.2,22,39,10,1,4,23,2,44,3,5.26,0,37.2,,-0.06,-0.06,16000,신규 35세 23년 C등급,
2022,NC,임창민,RP,9,자격유지,C,2021,36,46,0,46,0,3,0,3,17,0,40.1,17,35,8,0,2,20,4,29,7,3.79,0,40.1,,0.46,0.46,14000,신규 35세 23년 C등급,
2023,두산,임창민,RP,9,자격유지,C,2022,37,32,0,32,0,0,2,3,6,2,27.1,12,26,1,0,3,10,3,21,1,3.95,0,27.1,,-0.39,-0.39,12000,신규 35세 23년 C등급,
2024,키움,임창민,CP,9,자격유지,C,2023,38,51,0,51,2,2,26,4,1,0,46.2,13,51,6,0,3,17,2,40,0,2.51,0,46.2,,1.28,1.28,10000,신규 35세 23년 C등급,
2025,삼성,임창민,RP,,FA 1년차,,2024,39,60,0,60,2,1,1,3,28,1,54.1,24,60,10,0,4,30,2,50,5,3.98,0,54.1,,1.97,1.97,20000,,
2021,한화,장민재,RP,8,신규,C,2020,30,24,10,14,2,7,0,0,0,0,57.1,43,86,19,2,5,13,2,32,1,6.75,43,14.1,-0.34,0.41,0.07,11000,고졸,
2022,한화,장민재,SP,8,신규,C,2021,31,12,6,6,0,2,0,0,0,0,29.1,9,34,7,0,4,8,0,13,1,2.76,23.2,5.2,0.65,-0.18,0.47,10000,고졸,
2023,한화,장민재,SP,8,신규,C,2022,32,32,25,7,7,8,0,0,0,1,126.2,50,124,18,2,15,39,4,75,3,3.55,120.1,6.1,3.27,0.06,3.33,7600,고졸,
2024,한화,장민재,SP,8,신규,C,2023,33,25,13,12,3,8,0,0,1,0,69,37,79,13,2,12,22,5,61,5,4.83,57,12,-0.05,0.15,0.11,11500,고졸,
2025,한화,장민재,RP,,FA 1년차,,2024,34,26,0,26,1,1,0,0,0,1,29,10,46,7,0,2,7,1,17,5,3.1,0,29,,0.74,0.74,15000,,
2020,롯데,장시환,SP,9,신규,C,2019,32,27,27,0,6,13,0,0,0,0,125.1,69,147,29,1,12,58,2,109,17,4.95,125.1,0,1.54,,1.54,8500,35세 이상,
2021,한화,장시환,SP,9,신규,C,2020,33,26,26,0,4,14,0,0,0,0,132.2,74,139,27,1,15,74,8,115,10,5.02,132.2,0,1.87,,1.87,11000,35세 이상,
2022,한화,장시환,SP,9,신규,C,2021,34,19,16,3,0,11,0,0,1,0,69,54,87,12,1,4,48,6,47,7,7.04,67,2,-0.23,-0.12,-0.36,15400,35세 이상,
2023,한화,장시환,CP,9,신규,C,2022,35,64,0,64,0,5,14,5,9,0,63.2,31,57,14,2,4,33,1,67,2,4.38,0,63.2,,0.49,0.49,21000,35세 이상,
2024,한화,장시환,RP,,FA 1년차,,2023,36,38,0,38,2,2,1,4,7,0,34.2,13,32,4,0,1,21,4,24,3,3.38,0,34.2,,0.65,0.65,28000,,
2011,삼성,장원삼,SP,8,신규,A,2010,27,29,28,1,13,5,0,0,0,0,151,58,139,,,13,44,5,115,3,3.46,,,4.47,0.09,4.56,17000,대졸,
2012,삼성,장원삼,SP,8,신규,A,2011,28,25,21,4,8,8,0,0,0,0,115,53,139,,,13,37,0,68,1,4.15,,,1.79,-0.08,1.72,22500,대졸,
2013,삼성,장원삼,SP,8,신규,A,2012,29,27,25,2,17,6,0,0,1,0,157,62,143,,,9,38,9,127,2,3.55,,,3.22,0.09,3.31,22500,대졸,
2014,삼성,장원삼,SP,8,신규,A,2013,30,27,26,1,13,10,1,0,0,0,154,75,165,17,3,21,42,9,104,6,4.38,150,4,1.99,0.01,2,40000,대졸,
2015,삼성,장원삼,SP,,FA 1년차,,2014,31,24,24,0,11,5,0,0,0,0,129.1,59,149,33,2,16,37,5,63,6,4.11,129.1,0,3.24,,3.24,75000,,
2012,롯데,장원준,SP,9,신규,A,2011,26,29,28,1,15,6,0,,0,,180.2,63,195,,,7,62,9,129,3,3.14,,,4.97,0.4,5.38,,고졸,
2013,군 복무,장원준,SP,9,신규,A,2012,27,,,,,,,,,,,,,,,,,,,,,,,,,,,고졸,
2014,군 복무,장원준,SP,9,신규,A,2013,28,,,,,,,0,,0,,,,,,,,,,,,,,,,,,고졸,
2015,롯데,장원준,SP,9,신규,A,2014,29,27,27,0,10,9,0,0,0,0,155,79,160,27,6,15,67,3,107,9,4.59,155,0,4.68,,4.68,32000,고졸,
2016,두산,장원준,SP,,FA 1년차,,2015,30,30,30,0,12,12,0,0,0,0,169.2,77,182,35,2,13,68,14,128,2,4.08,169.2,0,3.94,,3.94,100000,,
2013,SK,정우람,CP,9,신규,A,2012,27,53,0,53,2,4,30,,0,,49,12,33,,,0,9,4,55,1,2.2,,,,1.78,1.78,,고졸,
2014,군 복무,정우람,SP,9,신규,A,2013,28,,,,,,,,,,,,,,,,,,,,,,,,,,,고졸,
2015,군 복무,정우람,SP,9,신규,A,2014,29,,,,,,,,,,,,,,,,,,,,,,,,,,,고졸,
2016,SK,정우람,CP,9,신규,A,2015,30,69,0,69,7,5,16,5,11,0,70,25,52,12,0,3,28,1,90,3,3.21,0,70,,2.15,2.15,40000,고졸,
2017,한화,정우람,CP,4,FA 1년차,A,2016,31,61,0,61,8,5,16,7,1,0,81,30,64,14,1,7,26,4,85,5,3.33,0,81,,2.74,2.74,120000,고졸,
2018,한화,정우람,CP,4,재자격,A,2017,32,56,0,56,6,4,26,5,0,0,59,18,47,10,0,5,19,4,78,5,2.75,0,59,,2.1,2.1,120000,고졸,
2019,한화,정우람,CP,4,재자격,A,2018,33,55,0,55,5,3,35,4,0,0,53,20,49,9,0,6,12,2,56,1,3.4,0,53,,1.64,1.64,120000,고졸,
2020,한화,정우람,CP,4,재자격,A,2019,34,57,0,57,4,3,26,4,0,0,58.1,10,57,8,0,4,16,1,48,2,1.54,0,58.1,,2.82,2.82,80000,고졸,
2021,한화,정우람,CP,,FA 1년차,,2020,35,50,0,50,3,5,16,3,0,0,54.1,29,58,11,1,4,12,5,53,2,4.8,0,54.1,,0.95,0.95,80000,,
2020,LG,정찬헌,CP,8,신규,B,2019,29,13,0,13,1,1,6,1,0,1,11,2,11,4,0,0,6,0,11,0,1.64,0,11,,-0.07,-0.07,17000,고졸,
2021,LG,정찬헌,SP,8,신규,B,2020,30,19,19,0,7,4,0,0,0,0,110.1,43,116,22,1,10,31,4,85,5,3.51,110.1,0,3.38,,3.38,13000,고졸,
2022,LG,정찬헌,SP,8,신규,B,2021,31,12,12,0,6,2,0,0,0,0,58,26,69,12,2,5,12,2,31,2,4.03,58,0,0.9,,0.9,20000,고졸,
2022,키움,정찬헌,SP,8,신규,B,2021,31,11,11,0,3,3,0,0,0,0,56.1,25,64,11,0,1,15,4,28,1,3.99,56.1,0,1.45,,1.45,20000,고졸,
2023,키움,정찬헌,SP,8,신규,B,2022,32,20,20,0,5,6,0,0,0,0,87.1,52,106,21,0,13,28,6,42,3,5.36,87.1,0,0.58,,0.58,28000,고졸,
2024,키움,정찬헌,SP,,FA 1년차,,2023,33,14,14,0,2,8,0,0,0,0,72,38,71,12,3,4,13,2,35,0,4.75,72,0,0.95,,0.95,10000,,
2010,삼성,정현욱,RP,9,신규,A,2009,31,62,0,62,8,5,6,0,16,0,79,30,77,,,8,36,2,66,9,3.42,,,,2.58,2.58,13000,고졸,
2011,삼성,정현욱,CP,9,신규,A,2010,32,61,0,61,9,1,12,0,11,0,70.1,25,66,,,3,26,4,61,4,3.2,,,,2.02,2.02,17000,고졸,
2012,삼성,정현욱,RP,9,신규,A,2011,33,59,0,59,4,3,1,0,24,0,72.1,19,70,,,4,30,4,52,3,2.36,,,,2.61,2.61,21000,고졸,
2013,삼성,정현욱,RP,9,신규,A,2012,34,54,1,53,2,5,0,0,3,0,62.2,22,57,,,1,21,0,48,3,3.16,,,0.19,1.12,1.32,25000,고졸,
2014,LG,정현욱,RP,,FA 1년차,,2013,35,54,0,54,2,5,2,3,16,0,47.2,20,55,9,0,4,25,1,31,3,3.78,0,47.2,,0.48,0.48,40000,,
2021,KT,주권,RP,8,신규,A,2020,25,77,0,77,6,2,0,6,31,0,70,21,54,11,0,6,32,1,37,0,2.7,0,70,,2.41,2.41,15000,고졸,
2022,KT,주권,RP,8,신규,A,2021,26,62,0,62,3,4,0,4,27,0,49,18,48,7,1,3,19,1,19,1,3.31,0,49,,1.59,1.59,25000,고졸,
2023,KT,주권,RP,8,신규,A,2022,27,58,0,58,3,3,1,1,15,0,50.2,22,58,7,1,3,8,0,31,0,3.91,0,50.2,,1.37,1.37,29500,고졸,
2024,KT,주권,RP,8,신규,A,2023,28,42,3,39,1,2,0,0,5,0,47,23,49,7,1,4,19,2,17,0,4.4,6.1,40.2,-0.26,0.67,0.41,29500,고졸,
2025,KT,주권,CP,,FA 1년차,,2024,29,48,1,47,1,1,0,2,0,0,58,43,78,14,2,7,11,3,31,0,6.67,2.2,55.1,-0.16,-0.03,-0.18,20000,,
2017,LG,진해수,RP,9,신규,A,2016,30,75,0,75,0,4,1,2,17,2,54,28,57,10,1,5,37,2,54,1,4.67,0,54,,0.18,0.18,9500,고졸,
2018,LG,진해수,RP,9,신규,A,2017,31,75,0,75,3,3,1,4,24,0,52.2,23,52,11,2,6,15,2,48,1,3.93,0,52.2,,1.06,1.06,11000,고졸,
2019,LG,진해수,RP,9,신규,A,2018,32,66,0,66,2,3,0,2,14,1,43.2,35,63,6,1,7,13,4,37,1,7.21,0,43.2,,-0.33,-0.33,19000,고졸,
2020,LG,진해수,RP,9,신규,A,2019,33,72,0,72,3,1,0,2,20,0,42,16,44,3,3,2,16,2,38,0,3.43,0,42,,0.8,0.8,18000,고졸,
2021,LG,진해수,RP,,FA 1년차,,2020,34,76,0,76,4,2,0,5,22,0,50,24,54,6,0,3,23,4,59,5,4.32,0,50,,0.99,0.99,25000,,
2014,삼성,차우찬,RP,9,신규,A,2013,26,43,12,31,10,7,0,0,3,0,121.1,44,100,21,1,6,67,6,111,10,3.26,73.1,48,1.93,1.04,2.97,,고졸,
2015,삼성,차우찬,RP,9,신규,A,2014,27,69,0,69,3,4,0,3,21,1,82,51,86,15,5,9,42,2,79,7,5.6,0,82,,0.58,0.58,24000,고졸,
2016,삼성,차우찬,SP,9,신규,A,2015,28,31,29,2,13,7,0,0,1,0,173,92,160,36,1,28,74,5,194,9,4.79,170.1,2.2,3.26,0.25,3.52,30000,고졸,
2017,삼성,차우찬,SP,9,신규,A,2016,29,24,24,0,12,6,0,0,0,0,152.1,80,168,30,2,16,65,8,120,5,4.73,152.1,0,3.76,,3.76,40000,고졸,
2018,LG,차우찬,SP,4,FA 1년차,B,2017,30,28,28,0,10,7,0,0,0,0,175.2,67,171,33,4,20,38,7,157,10,3.43,175.2,0,5.76,,5.76,100000,고졸,
2019,LG,차우찬,SP,4,재자격,B,2018,31,29,29,0,12,10,0,0,0,0,170,115,177,36,4,27,79,10,136,10,6.09,170,0,1.55,,1.55,100000,고졸,
2020,LG,차우찬,SP,4,재자격,B,2019,32,29,28,1,13,8,0,0,0,0,168.1,77,181,30,1,16,59,5,124,13,4.12,166.1,2,2.64,-0.24,2.41,100000,고졸,
2021,LG,차우찬,SP,4,재자격,B,2020,33,13,13,0,5,5,0,0,0,0,64,38,71,14,1,8,28,2,51,1,5.34,64,0,0.56,,0.56,100000,고졸,
2022,LG,차우찬,SP,,FA 1년차,,2021,34,5,5,0,2,1,0,0,0,0,22.1,13,16,3,0,2,13,3,12,0,5.24,22.1,0,0.33,,0.33,30000,,
2013,SK,채병용,SP,9,신규,A,2012,30,14,10,4,3,3,0,,0,,62.2,22,67,,,3,22,1,42,1,3.16,,,1.72,-0.15,1.57,18000,고졸,
2014,SK,채병용,RP,9,신규,A,2013,31,12,2,10,0,3,1,0,0,1,20.1,18,30,6,0,2,16,3,12,1,7.97,7.2,12.2,-0.11,0.04,-0.07,16000,고졸,
2015,SK,채병용,SP,9,신규,A,2014,32,27,24,3,8,12,0,1,0,0,130,92,151,32,2,27,49,8,87,2,6.37,124.1,5.2,1.57,0.26,1.84,13500,고졸,
2016,SK,채병용,RP,9,신규,A,2015,33,33,8,25,4,4,0,0,1,0,83,56,103,17,2,17,27,3,78,4,6.07,33.1,49.2,-0.25,0.58,0.33,22000,고졸,
2017,SK,채병용,RP,,FA 1년차,,2016,34,68,0,68,6,3,2,1,9,1,83.2,40,77,14,1,9,29,3,67,2,4.3,0,83.2,,2.46,2.46,25000,,
2020,키움,한현희,RP,9,신규,A,2019,26,61,0,61,7,5,0,3,24,3,58,22,50,10,1,1,20,7,49,2,3.41,0,58,,1.32,1.32,32000,고졸,
2021,키움,한현희,SP,9,신규,A,2020,27,25,25,0,7,9,0,0,0,0,135.2,75,141,20,1,10,37,14,109,3,4.98,135.2,0,2.9,,2.9,29000,고졸,
2022,키움,한현희,SP,9,신규,A,2021,28,18,15,3,6,2,0,0,1,0,85.2,37,86,20,0,4,30,6,61,3,3.89,81,4.2,2.15,0.1,2.24,29000,고졸,
2023,키움,한현희,SP,9,신규,A,2022,29,21,14,7,6,4,0,0,0,0,77.2,41,83,20,1,9,24,8,59,2,4.75,69,8.2,1.09,0.03,1.12,25000,고졸,
2024,롯데,한현희,RP,,FA 1년차,,2023,30,38,18,20,6,12,0,1,3,2,104,63,123,20,4,11,44,11,74,6,5.45,86.1,17.2,1.22,-0.42,0.79,20000,,
2021,두산,함덕주,CP,8,신규,B,2020,25,36,6,30,5,1,10,3,2,1,55.1,24,55,7,0,2,21,0,55,7,3.9,25.1,30,0.59,0.45,1.04,21000,고졸,
2022,LG,함덕주,RP,8,신규,B,2021,26,16,3,13,1,2,0,0,1,0,21,10,20,2,1,2,13,3,18,2,4.29,8.1,12.2,0.02,0.3,0.32,16500,고졸,
2023,LG,함덕주,RP,8,신규,B,2022,27,13,0,13,0,0,0,0,0,0,12.2,3,9,2,0,0,11,1,13,0,2.13,0,12.2,,0.44,0.44,12000,고졸,
2024,LG,함덕주,RP,8,신규,B,2023,28,57,0,57,4,0,4,0,16,2,55.2,10,32,9,1,1,22,2,59,0,1.62,0,55.2,,2.67,2.67,10000,고졸,
2025,LG,함덕주,RP,,FA 1년차,,2024,29,15,0,15,0,1,0,0,3,0,11.2,7,13,0,1,2,7,1,8,0,5.4,0,11.2,,0.32,0.32,20000,,
2021,KIA,홍건희,RP,8,신규,A,2020,28,10,0,10,0,0,0,0,0,0,12,8,11,2,2,3,2,0,9,0,6,0,12,,0.07,0.07,5300,고졸,
2021,두산,홍건희,RP,8,신규,A,2020,28,50,0,50,3,4,1,3,8,1,56.2,30,63,12,1,5,20,5,51,3,4.76,0,56.2,,0.25,0.25,5300,고졸,
2022,두산,홍건희,RP,8,신규,A,2021,29,65,0,65,6,6,3,5,17,2,74.1,23,65,11,0,3,27,0,82,7,2.78,0,74.1,,2.67,2.67,11000,고졸,
2023,두산,홍건희,CP,8,신규,A,2022,30,58,0,58,2,9,18,4,9,0,62,24,58,9,0,5,21,2,60,4,3.48,0,62,,0.49,0.49,25000,고졸,
2024,두산,홍건희,CP,8,신규,A,2023,31,64,0,64,1,5,22,3,5,0,61.2,21,67,10,3,4,24,0,62,8,3.06,0,61.2,,1.23,1.23,30000,고졸,
2025,두산,홍건희,CP,,FA 1년차,,2024,32,65,0,65,4,3,9,6,11,0,59.1,18,55,6,1,5,33,5,45,5,2.73,0,59.1,,1.59,1.59,30000,,