순위,선수명,팀명,POS,G,GS,IP,E,PKO,PO,A,DP,FPCT,PB,SB,CS,CS%,Season,Category
1,이병규,LG,중견수,133,131,1149 1/3,7,0,307,8,3,0.978,0,0,0,-,2001,defense
2,류지현,LG,유격수,129,125,1074,13,0,189,402,74,0.978,0,0,0,-,2001,defense
2,최태원,SK,2루수,129,105,913 1/3,5,0,198,326,76,0.991,0,0,0,-,2001,defense
4,최기문,롯데,포수,126,124,962,8,3,659,73,11,0.989,6,76,45,37.2,2001,defense
4,김상훈,KIA,포수,126,122,1017,8,0,671,63,10,0.989,8,85,40,32.0,2001,defense
6,데이비스,한화,중견수,124,124,1069 2/3,6,0,257,9,5,0.978,0,0,0,-,2001,defense
6,마르티네스,삼성,중견수,124,121,1069 1/3,5,0,285,10,1,0.983,0,0,0,-,2001,defense
8,퀸란,현대,3루수,123,123,1061 2/3,13,0,98,239,26,0.963,0,0,0,-,2001,defense
9,박종호,현대,2루수,122,118,1000,15,0,266,351,79,0.976,0,0,0,-,2001,defense
9,홍성흔,두산,포수,122,111,968 1/3,9,1,706,70,9,0.989,11,87,48,35.6,2001,defense
11,박진만,현대,유격수,121,117,1015 1/3,25,0,195,375,90,0.958,0,0,0,-,2001,defense
11,전준호,현대,좌익수,121,109,886 2/3,3,0,180,8,1,0.984,0,0,0,-,2001,defense
13,정수근,두산,중견수,120,114,993 1/3,6,0,242,11,2,0.977,0,0,0,-,2001,defense
14,박한이,삼성,우익수,118,108,908 2/3,2,0,196,9,4,0.990,0,0,0,-,2001,defense
15,김한수,삼성,3루수,117,115,998,10,0,87,193,14,0.966,0,0,0,-,2001,defense
16,박경완,현대,포수,115,112,936,9,2,638,87,16,0.988,2,65,56,46.3,2001,defense
16,서용빈,LG,1루수,115,101,859 1/3,3,0,898,67,93,0.997,0,0,0,-,2001,defense
18,장종훈,한화,1루수,113,98,872 1/3,3,0,889,57,91,0.997,0,0,0,-,2001,defense
18,브리또,SK,유격수,113,113,966 2/3,22,0,161,325,71,0.957,0,0,0,-,2001,defense
20,이승엽,삼성,1루수,112,111,983 1/3,4,0,996,67,84,0.996,0,0,0,-,2001,defense
21,김재현,LG,좌익수,111,104,871,3,0,176,4,0,0.984,0,0,0,-,2001,defense
22,심재학,두산,우익수,110,108,884 1/3,6,0,177,5,1,0.968,0,0,0,-,2001,defense
22,강성우,SK,포수,110,88,632,6,1,488,43,7,0.989,9,62,23,27.1,2001,defense
22,안재만,SK,3루수,110,104,841 2/3,16,0,57,167,17,0.933,0,0,0,-,2001,defense
25,홍세완,KIA,유격수,109,109,914 2/3,11,0,175,291,70,0.977,0,0,0,-,2001,defense
26,김민호,두산,유격수,107,94,824,13,0,151,346,70,0.975,0,0,0,-,2001,defense
27,장원진,두산,좌익수,105,102,802 1/3,0,0,147,6,1,1.000,0,0,0,-,2001,defense
27,채종범,SK,우익수,105,96,837,2,0,196,4,0,0.990,0,0,0,-,2001,defense
29,강인권,한화,포수,104,80,646,8,0,459,30,3,0.984,3,66,14,17.5,2001,defense
30,박정태,롯데,2루수,102,97,713 1/3,11,0,200,266,62,0.977,0,0,0,-,2001,defense
1,박한이,삼성,중견수,133,132,1135 2/3,1,0,270,11,4,0.996,0,0,0,-,2002,defense
2,진갑용,삼성,포수,131,130,1130 2/3,11,2,972,92,12,0.990,12,71,50,41.3,2002,defense
2,김종국,KIA,2루수,131,129,1138 1/3,9,0,286,421,83,0.987,0,0,0,-,2002,defense
2,장성호,KIA,1루수,131,131,1152 1/3,7,0,1186,80,101,0.995,0,0,0,-,2002,defense
5,김민재,SK,유격수,129,127,1075,15,0,186,347,54,0.973,0,0,0,-,2002,defense
6,브리또,삼성,유격수,128,127,1072 2/3,22,0,181,308,59,0.957,0,0,0,-,2002,defense
6,이승엽,삼성,1루수,128,128,1145 2/3,4,0,1122,91,87,0.997,0,0,0,-,2002,defense
8,김한수,삼성,3루수,127,126,1115 1/3,11,0,94,236,20,0.968,0,0,0,-,2002,defense
9,홍성흔,두산,포수,125,125,1050,14,0,883,87,14,0.986,7,85,51,37.5,2002,defense
9,심정수,현대,우익수,125,125,1113 1/3,1,0,282,13,2,0.997,0,0,0,-,2002,defense
9,임수민,한화,2루수,125,109,931 2/3,6,0,178,311,47,0.988,0,0,0,-,2002,defense
9,페르난데스,SK,3루수,125,124,1025 1/3,24,0,100,227,17,0.932,0,0,0,-,2002,defense
13,송지만,한화,우익수,124,120,1031 1/3,6,0,237,9,4,0.976,0,0,0,-,2002,defense
14,안경현,두산,2루수,123,110,967 1/3,3,0,236,324,92,0.995,0,0,0,-,2002,defense
14,박진만,현대,유격수,123,120,1040 2/3,12,0,188,357,82,0.978,0,0,0,-,2002,defense
16,조인성,LG,포수,121,105,880,9,3,711,63,17,0.989,8,37,37,50.0,2002,defense
16,최기문,롯데,포수,121,112,889 2/3,11,0,603,45,5,0.983,8,83,23,21.7,2002,defense
18,권용관,LG,유격수,120,102,853,17,0,154,273,61,0.962,0,0,0,-,2002,defense
19,박정환,삼성,2루수,119,106,905 2/3,6,0,186,279,66,0.987,0,0,0,-,2002,defense
19,이종범,KIA,우익수,119,115,949,4,0,217,9,2,0.983,0,0,0,-,2002,defense
19,이호준,SK,1루수,119,115,982,10,0,997,79,70,0.991,0,0,0,-,2002,defense
22,최태원,SK,2루수,118,104,732,5,0,123,228,38,0.986,0,0,0,-,2002,defense
23,장원진,두산,1루수,117,92,859,4,0,912,41,82,0.996,0,0,0,-,2002,defense
23,정수근,두산,중견수,117,105,947 2/3,4,0,220,1,0,0.982,0,0,0,-,2002,defense
25,양준혁,삼성,우익수,116,114,778 1/3,3,0,140,7,3,0.980,0,0,0,-,2002,defense
25,박경완,현대,포수,116,94,841 2/3,2,5,687,53,12,0.997,8,59,31,34.4,2002,defense
27,이숭용,현대,1루수,115,107,905 1/3,5,0,894,72,85,0.995,0,0,0,-,2002,defense
28,최경환,두산,좌익수,113,85,777,0,0,143,8,1,1.000,0,0,0,-,2002,defense
28,김상훈,KIA,포수,113,109,910,6,1,664,54,8,0.992,8,48,44,47.8,2002,defense
28,김창희,KIA,중견수,113,79,794 1/3,7,0,150,6,2,0.957,0,0,0,-,2002,defense
1,박한이,삼성,중견수,132,130,1149,4,0,317,8,1,0.988,0,0,0,-,2003,defense
1,박용택,LG,좌익수,132,125,1102,2,0,256,16,1,0.993,0,0,0,-,2003,defense
1,조인성,LG,포수,132,124,1030,8,9,753,96,12,0.991,6,39,46,54.1,2003,defense
4,장성호,KIA,1루수,130,126,1107,4,0,1190,72,105,0.997,0,0,0,-,2003,defense
4,이영우,한화,좌익수,130,127,1095 2/3,2,0,248,1,0,0.992,0,0,0,-,2003,defense
6,김한수,삼성,3루수,129,127,1117,5,0,137,245,26,0.987,0,0,0,-,2003,defense
6,양준혁,삼성,좌익수,129,128,1007,6,0,173,13,3,0.969,0,0,0,-,2003,defense
6,박종호,현대,2루수,129,129,1095,13,0,297,298,72,0.979,0,0,0,-,2003,defense
6,박진만,현대,유격수,129,125,1088 1/3,19,0,205,393,75,0.969,0,0,0,-,2003,defense
6,김민재,SK,유격수,129,118,1024 1/3,12,0,199,423,67,0.981,0,0,0,-,2003,defense
11,홍세완,KIA,유격수,128,127,1080 2/3,13,0,187,365,68,0.977,0,0,0,-,2003,defense
11,안경현,두산,2루수,128,127,1017 2/3,5,0,292,310,89,0.992,0,0,0,-,2003,defense
13,이현곤,KIA,3루수,127,113,967 2/3,4,0,87,229,21,0.988,0,0,0,-,2003,defense
14,심정수,현대,우익수,126,126,1116 2/3,5,0,228,5,2,0.979,0,0,0,-,2003,defense
15,김상훈,KIA,포수,125,121,1021,7,0,733,74,5,0.991,7,37,46,55.4,2003,defense
16,강동우,삼성,우익수,123,114,977 1/3,4,0,241,6,2,0.984,0,0,0,-,2003,defense
16,이승엽,삼성,1루수,123,122,1076,5,0,1094,56,89,0.996,0,0,0,-,2003,defense
16,진갑용,삼성,포수,123,120,1046 2/3,13,1,779,71,15,0.985,8,62,42,40.4,2003,defense
16,김종국,KIA,2루수,123,120,1038,7,0,312,408,88,0.990,0,0,0,-,2003,defense
20,박경완,SK,포수,120,106,924 1/3,9,1,637,71,10,0.987,11,74,45,37.8,2003,defense
21,이숭용,현대,중견수,119,116,983 1/3,2,0,211,4,1,0.991,0,0,0,-,2003,defense
21,김수연,한화,중견수,119,84,767,3,0,224,5,1,0.987,0,0,0,-,2003,defense
23,정경배,SK,2루수,118,114,878,11,0,228,261,58,0.978,0,0,0,-,2003,defense
23,김태균,한화,1루수,118,117,1019 2/3,6,0,1012,55,80,0.994,0,0,0,-,2003,defense
25,최기문,롯데,포수,117,109,855 1/3,5,2,526,62,12,0.992,12,58,42,42.0,2003,defense
26,조성환,롯데,3루수,111,105,900,16,0,84,246,29,0.954,0,0,0,-,2003,defense
27,이도형,한화,포수,107,93,756 1/3,2,0,502,36,1,0.996,2,63,19,23.2,2003,defense
28,조경환,SK,좌익수,106,102,876 2/3,3,0,171,2,0,0.983,0,0,0,-,2003,defense
29,류지현,LG,2루수,103,96,783 1/3,8,0,198,223,48,0.981,0,0,0,-,2003,defense
29,김동수,현대,포수,103,98,828,9,0,619,76,12,0.987,8,84,51,37.8,2003,defense
1,김한수,삼성,3루수,133,133,1158 1/3,13,0,100,220,18,0.961,0,0,0,-,2004,defense
2,박종호,삼성,2루수,132,130,1131 1/3,9,0,266,362,64,0.986,0,0,0,-,2004,defense
3,박기혁,롯데,유격수,131,106,953 2/3,13,0,177,355,76,0.976,0,0,0,-,2004,defense
4,박한이,삼성,중견수,130,129,1136 1/3,2,0,256,9,2,0.993,0,0,0,-,2004,defense
5,김민재,SK,유격수,129,124,1064 1/3,15,0,207,388,86,0.975,0,0,0,-,2004,defense
6,박진만,현대,유격수,128,123,1041 1/3,14,0,199,362,63,0.976,0,0,0,-,2004,defense
6,이대호,롯데,3루수,128,125,1042 2/3,13,0,84,240,18,0.961,0,0,0,-,2004,defense
8,이숭용,현대,1루수,127,125,1056,1,0,1107,78,89,0.999,0,0,0,-,2004,defense
8,김상훈,KIA,포수,127,118,989,6,0,680,56,12,0.992,4,48,36,42.9,2004,defense
10,박경완,SK,포수,126,114,987 2/3,6,2,802,81,10,0.993,10,80,48,37.5,2004,defense
10,강동우,삼성,우익수,126,111,999 1/3,1,0,163,6,1,0.994,0,0,0,-,2004,defense
12,이병규,LG,중견수,125,120,999 1/3,4,0,256,9,3,0.985,0,0,0,-,2004,defense
13,권용관,LG,유격수,123,111,860 2/3,15,0,157,282,62,0.967,0,0,0,-,2004,defense
13,안경현,두산,2루수,123,121,1028 2/3,8,0,259,344,99,0.987,0,0,0,-,2004,defense
15,조인성,LG,포수,122,112,933 1/3,6,4,684,69,19,0.992,12,47,33,41.3,2004,defense
15,손시헌,두산,유격수,122,117,978 2/3,13,0,199,364,90,0.977,0,0,0,-,2004,defense
17,송지만,현대,중견수,120,119,969,2,0,218,6,1,0.991,0,0,0,-,2004,defense
17,전상렬,두산,중견수,120,113,945 2/3,2,0,250,4,0,0.992,0,0,0,-,2004,defense
19,김태균,한화,1루수,119,118,1014 2/3,6,0,991,71,86,0.994,0,0,0,-,2004,defense
19,데이비스,한화,중견수,119,117,988 2/3,0,0,283,8,1,1.000,0,0,0,-,2004,defense
21,정성훈,현대,3루수,118,117,1022 1/3,17,0,83,230,14,0.948,0,0,0,-,2004,defense
21,양준혁,삼성,1루수,118,114,1030,11,0,1011,93,75,0.990,0,0,0,-,2004,defense
23,전준호,현대,좌익수,117,115,962,4,0,168,5,0,0.977,0,0,0,-,2004,defense
23,채종국,현대,2루수,117,103,858 1/3,9,0,230,291,65,0.983,0,0,0,-,2004,defense
23,조동찬,삼성,유격수,117,103,932,16,0,175,320,64,0.969,0,0,0,-,2004,defense
26,장원진,두산,1루수,116,108,838 2/3,6,0,871,66,100,0.994,0,0,0,-,2004,defense
27,이종범,KIA,중견수,115,105,897 2/3,5,0,215,12,0,0.978,0,0,0,-,2004,defense
27,이영우,한화,좌익수,115,112,925 1/3,7,0,212,5,0,0.969,0,0,0,-,2004,defense
27,김동주,두산,3루수,115,112,921,16,0,65,166,14,0.935,0,0,0,-,2004,defense
30,브룸바,현대,우익수,114,113,956,3,0,168,11,4,0.984,0,0,0,-,2004,defense
1,손시헌,두산,유격수,126,125,1073,14,0,193,390,109,0.977,0,0,0,-,2005,defense
1,정경배,SK,2루수,126,125,1037,9,0,283,312,66,0.985,0,0,0,-,2005,defense
3,정성훈,현대,3루수,125,125,1065 2/3,18,0,83,233,12,0.946,0,0,0,-,2005,defense
3,김민재,SK,유격수,125,123,1076,15,0,226,341,61,0.974,0,0,0,-,2005,defense
3,이범호,한화,3루수,125,123,1080,15,0,83,283,25,0.961,0,0,0,-,2005,defense
6,김태균,한화,1루수,123,123,1062,5,0,1150,91,110,0.996,0,0,0,-,2005,defense
7,박한이,삼성,중견수,121,119,1064 1/3,4,0,237,11,1,0.984,0,0,0,-,2005,defense
8,강동우,삼성,우익수,118,93,864 1/3,1,0,180,3,0,0.995,0,0,0,-,2005,defense
8,이진영,SK,우익수,118,116,1020 1/3,3,0,215,8,2,0.987,0,0,0,-,2005,defense
10,박종호,삼성,2루수,117,116,873,10,0,211,256,46,0.979,0,0,0,-,2005,defense
11,이종범,KIA,중견수,114,108,899 1/3,4,0,195,7,1,0.981,0,0,0,-,2005,defense
11,데이비스,한화,중견수,114,114,964 1/3,4,0,213,9,2,0.982,0,0,0,-,2005,defense
11,신명철,롯데,2루수,114,92,831 2/3,5,0,232,291,70,0.991,0,0,0,-,2005,defense
14,박경완,SK,포수,112,97,881 1/3,4,1,682,74,9,0.995,7,58,45,43.7,2005,defense
15,신경현,한화,포수,110,97,810 2/3,5,1,525,61,7,0.992,3,100,36,26.5,2005,defense
16,박기혁,롯데,유격수,109,104,873,19,0,152,314,55,0.961,0,0,0,-,2005,defense
17,정수근,롯데,중견수,108,102,829 1/3,7,0,169,3,1,0.961,0,0,0,-,2005,defense
18,송지만,현대,우익수,107,100,876 2/3,3,0,210,4,1,0.986,0,0,0,-,2005,defense
18,김태균,SK,3루수,107,86,676,9,0,44,147,10,0.955,0,0,0,-,2005,defense
20,장원진,두산,1루수,106,95,756,5,0,737,47,91,0.994,0,0,0,-,2005,defense
21,조동찬,삼성,3루수,105,92,817 1/3,16,0,76,201,15,0.945,0,0,0,-,2005,defense
21,진갑용,삼성,포수,105,101,805,6,0,639,47,9,0.991,2,52,23,30.7,2005,defense
23,정수성,현대,중견수,104,97,845 2/3,4,0,213,4,1,0.982,0,0,0,-,2005,defense
24,김상훈,KIA,포수,103,93,745 1/3,6,1,569,37,10,0.990,3,57,22,27.8,2005,defense
24,장성호,KIA,1루수,103,100,881,4,0,875,63,85,0.996,0,0,0,-,2005,defense
24,박재홍,SK,중견수,103,101,829,2,0,205,5,1,0.991,0,0,0,-,2005,defense
24,강민호,롯데,포수,103,65,580 2/3,9,1,500,32,6,0.983,4,58,17,22.7,2005,defense
28,안경현,두산,2루수,101,101,779,3,0,199,259,74,0.993,0,0,0,-,2005,defense
29,라이온,롯데,1루수,99,87,750 1/3,4,0,796,61,70,0.995,0,0,0,-,2005,defense
30,김한수,삼성,1루수,96,92,777 2/3,5,0,782,59,54,0.994,0,0,0,-,2005,defense
1,손시헌,두산,유격수,126,125,1076 2/3,15,0,210,348,78,0.974,0,0,0,-,2006,defense
1,강민호,롯데,포수,126,126,1040,12,3,634,75,16,0.983,13,61,37,37.8,2006,defense
3,박한이,삼성,중견수,125,124,1072 1/3,5,0,266,11,2,0.982,0,0,0,-,2006,defense
3,이범호,한화,3루수,125,123,1059,13,0,91,242,23,0.962,0,0,0,-,2006,defense
5,김태균,한화,1루수,123,122,1056 1/3,3,0,1110,75,81,0.997,0,0,0,-,2006,defense
5,장성호,KIA,1루수,123,122,1071 1/3,8,0,1098,72,113,0.993,0,0,0,-,2006,defense
7,이대수,SK,유격수,122,115,1001 1/3,13,0,181,356,76,0.976,0,0,0,-,2006,defense
7,정성훈,현대,3루수,122,122,1033 1/3,19,0,81,245,21,0.945,0,0,0,-,2006,defense
9,김민재,한화,유격수,121,114,993,16,0,189,382,59,0.973,0,0,0,-,2006,defense
10,김상훈,KIA,포수,120,115,969 1/3,5,4,690,64,11,0.993,4,60,30,33.3,2006,defense
11,박용택,LG,좌익수,119,117,1007 2/3,2,0,216,7,1,0.991,0,0,0,-,2006,defense
11,이숭용,현대,1루수,119,113,931 2/3,4,0,978,55,96,0.996,0,0,0,-,2006,defense
13,이대호,롯데,1루수,118,118,972,7,0,1099,78,92,0.994,0,0,0,-,2006,defense
14,박진만,삼성,유격수,115,115,940 2/3,8,0,155,293,53,0.982,0,0,0,-,2006,defense
15,데이비스,한화,중견수,114,110,932 2/3,4,0,234,8,3,0.984,0,0,0,-,2006,defense
15,이병규,LG,중견수,114,114,963 1/3,2,0,246,5,2,0.992,0,0,0,-,2006,defense
17,김동수,현대,포수,113,108,889 1/3,4,1,686,41,7,0.995,2,70,17,19.5,2006,defense
18,김창희,삼성,우익수,112,85,783 1/3,3,0,196,5,1,0.985,0,0,0,-,2006,defense
18,강동우,두산,우익수,112,105,850,0,0,191,7,3,1.000,0,0,0,-,2006,defense
18,고동진,한화,우익수,112,74,809 1/3,3,0,202,8,1,0.986,0,0,0,-,2006,defense
21,고영민,두산,2루수,111,90,827 1/3,11,0,221,242,59,0.977,0,0,0,-,2006,defense
21,박경완,SK,포수,111,94,804 1/3,5,2,568,47,7,0.992,4,91,29,24.2,2006,defense
21,이진영,SK,우익수,111,107,931,2,0,216,9,3,0.991,0,0,0,-,2006,defense
21,조인성,LG,포수,111,101,840 1/3,5,1,507,51,5,0.991,6,40,21,34.4,2006,defense
25,박기혁,롯데,유격수,109,95,814 1/3,5,0,146,313,57,0.989,0,0,0,-,2006,defense
26,진갑용,삼성,포수,108,107,863 1/3,4,0,664,55,8,0.994,4,55,37,40.2,2006,defense
26,박재홍,SK,중견수,108,104,870 1/3,3,0,185,4,0,0.984,0,0,0,-,2006,defense
28,조동찬,삼성,3루수,107,104,899,9,0,68,220,16,0.970,0,0,0,-,2006,defense
28,이용규,KIA,우익수,107,78,744,0,0,199,7,2,1.000,0,0,0,-,2006,defense
30,홍성흔,두산,포수,103,103,787 2/3,4,0,639,51,5,0.994,11,80,33,29.2,2006,defense
1,신명철,삼성,2루수,126,113,1003,12,0,296,337,73,0.981,0,0,0,-,2007,defense
1,이범호,한화,3루수,126,123,1071,13,0,84,306,29,0.968,0,0,0,-,2007,defense
1,고영민,두산,2루수,126,125,1095 1/3,9,0,267,360,82,0.986,0,0,0,-,2007,defense
4,강민호,롯데,포수,125,123,1010,11,8,687,67,11,0.986,10,73,32,30.5,2007,defense
5,조인성,LG,포수,124,123,1051 1/3,7,1,608,71,12,0.990,8,49,28,36.4,2007,defense
6,이대형,LG,중견수,123,113,994 2/3,4,0,295,3,1,0.987,0,0,0,-,2007,defense
7,정성훈,현대,3루수,122,121,1025 1/3,17,0,89,247,27,0.952,0,0,0,-,2007,defense
7,최정,SK,3루수,122,120,1057 1/3,12,0,99,248,25,0.967,0,0,0,-,2007,defense
9,권용관,LG,유격수,121,115,1000 2/3,24,0,177,379,84,0.959,0,0,0,-,2007,defense
9,최동수,LG,1루수,121,119,992,9,0,1042,58,121,0.992,0,0,0,-,2007,defense
11,진갑용,삼성,포수,120,120,923 2/3,4,0,599,61,11,0.994,8,61,35,36.5,2007,defense
12,박경완,SK,포수,119,108,927 1/3,4,0,558,62,8,0.994,1,58,35,37.6,2007,defense
12,김상현,LG,3루수,119,107,957,19,0,83,213,30,0.940,0,0,0,-,2007,defense
14,박용택,LG,좌익수,118,118,1022 2/3,3,0,226,5,0,0.987,0,0,0,-,2007,defense
15,김민재,한화,유격수,116,110,945 2/3,19,0,161,333,63,0.963,0,0,0,-,2007,defense
15,김강민,SK,중견수,116,79,772 1/3,1,0,206,8,0,0.995,0,0,0,-,2007,defense
15,박재상,SK,좌익수,116,82,771,1,0,148,5,0,0.994,0,0,0,-,2007,defense
18,김일경,현대,2루수,115,108,889 1/3,12,0,226,285,59,0.977,0,0,0,-,2007,defense
18,이현곤,KIA,3루수,115,112,954,16,0,79,225,21,0.950,0,0,0,-,2007,defense
20,김태균,한화,1루수,114,113,964 1/3,4,0,1001,76,91,0.996,0,0,0,-,2007,defense
21,정경배,SK,2루수,113,93,827 1/3,11,0,255,286,75,0.980,0,0,0,-,2007,defense
22,김동주,두산,3루수,112,112,932 1/3,9,0,70,205,18,0.968,0,0,0,-,2007,defense
23,나주환,SK,유격수,111,82,789 2/3,14,0,147,293,67,0.969,0,0,0,-,2007,defense
24,이대수,두산,유격수,109,96,827 1/3,13,0,141,288,61,0.971,0,0,0,-,2007,defense
25,김상훈,KIA,포수,108,105,820 1/3,4,1,527,34,11,0.993,7,88,21,19.3,2007,defense
25,이용규,KIA,중견수,108,100,880 2/3,1,0,225,0,0,0.996,0,0,0,-,2007,defense
27,신경현,한화,포수,107,80,695,2,4,488,70,6,0.996,0,72,43,37.4,2007,defense
27,김동수,현대,포수,107,100,802 1/3,7,1,602,39,4,0.989,5,84,25,22.9,2007,defense
29,한상훈,한화,2루수,106,71,704,6,0,223,251,55,0.988,0,0,0,-,2007,defense
30,안경현,두산,1루수,103,98,793 1/3,2,0,802,61,71,0.998,0,0,0,-,2007,defense
1,김현수,두산,좌익수,126,123,1090 2/3,1,0,256,6,2,0.996,0,0,0,-,2008,defense
1,이대형,LG,중견수,126,126,1091 1/3,2,0,343,6,4,0.994,0,0,0,-,2008,defense
3,고영민,두산,2루수,125,121,1011 2/3,9,0,211,334,71,0.984,0,0,0,-,2008,defense
3,이범호,한화,3루수,125,123,1056 2/3,7,0,69,262,35,0.979,0,0,0,-,2008,defense
5,클락,한화,중견수,124,122,1086 2/3,5,0,273,10,3,0.983,0,0,0,-,2008,defense
6,조성환,롯데,2루수,123,123,1039,10,0,269,378,108,0.985,0,0,0,-,2008,defense
7,강민호,롯데,포수,120,119,1012,6,1,646,74,8,0.992,6,103,46,30.9,2008,defense
8,나주환,SK,유격수,118,104,951 2/3,17,0,171,342,74,0.968,0,0,0,-,2008,defense
8,이종욱,두산,중견수,118,114,945 1/3,2,0,288,4,1,0.993,0,0,0,-,2008,defense
10,정근우,SK,2루수,115,97,861 2/3,12,0,236,311,82,0.979,0,0,0,-,2008,defense
11,최정,SK,3루수,114,111,997 1/3,14,0,70,220,13,0.954,0,0,0,-,2008,defense
11,김민재,한화,유격수,114,106,902 1/3,13,0,152,324,74,0.973,0,0,0,-,2008,defense
13,박기혁,롯데,유격수,113,109,925 1/3,18,0,171,383,70,0.969,0,0,0,-,2008,defense
14,최형우,삼성,우익수,112,100,809,3,0,217,7,1,0.987,0,0,0,-,2008,defense
14,김종국,KIA,2루수,112,92,816,2,0,192,324,67,0.996,0,0,0,-,2008,defense
16,김태균,한화,1루수,111,110,930 1/3,3,0,927,74,100,0.997,0,0,0,-,2008,defense
16,박석민,삼성,3루수,111,103,845,15,0,70,210,17,0.949,0,0,0,-,2008,defense
18,채상병,두산,포수,110,104,818 2/3,3,0,608,38,5,0.995,8,76,22,22.4,2008,defense
18,가르시아,롯데,우익수,110,109,938 2/3,4,0,214,17,7,0.983,0,0,0,-,2008,defense
20,김동주,두산,3루수,108,107,852,10,0,60,163,16,0.957,0,0,0,-,2008,defense
20,송지만,우리,우익수,108,105,879 2/3,3,0,239,4,3,0.988,0,0,0,-,2008,defense
22,신경현,한화,포수,106,90,745 2/3,5,1,508,48,11,0.991,6,110,31,22.0,2008,defense
23,김강민,SK,중견수,105,68,688,8,0,170,6,0,0.957,0,0,0,-,2008,defense
23,이용규,KIA,중견수,105,100,897 2/3,2,0,219,10,5,0.991,0,0,0,-,2008,defense
23,차일목,KIA,포수,105,93,748 2/3,5,1,495,54,6,0.991,3,89,33,27.0,2008,defense
26,박진만,삼성,유격수,103,100,818,9,0,164,318,64,0.982,0,0,0,-,2008,defense
27,강귀태,우리,포수,102,72,634 1/3,7,2,408,45,11,0.985,4,69,31,31.0,2008,defense
28,박재홍,SK,우익수,101,87,731 2/3,2,0,161,8,2,0.988,0,0,0,-,2008,defense
28,이현곤,KIA,3루수,101,95,809,5,0,45,182,11,0.978,0,0,0,-,2008,defense
28,정성훈,우리,3루수,101,97,790 2/3,9,0,57,214,23,0.968,0,0,0,-,2008,defense
1,박재상,SK,좌익수,133,131,1161 2/3,6,0,197,8,1,0.972,0,0,0,-,2009,defense
1,강정호,우리,유격수,133,132,1147 2/3,15,0,196,439,99,0.977,0,0,0,-,2009,defense
1,황재균,우리,3루수,133,133,1157 2/3,12,0,100,274,27,0.969,0,0,0,-,2009,defense
4,이대형,LG,중견수,131,129,1111,4,0,323,10,0,0.988,0,0,0,-,2009,defense
5,가르시아,롯데,우익수,129,129,1101,6,0,220,16,3,0.975,0,0,0,-,2009,defense
6,정근우,SK,2루수,125,121,1025 1/3,16,0,261,338,93,0.974,0,0,0,-,2009,defense
7,권용관,LG,유격수,124,120,1014,12,0,176,382,99,0.979,0,0,0,-,2009,defense
8,손시헌,두산,유격수,121,118,988 2/3,10,0,183,378,100,0.982,0,0,0,-,2009,defense
9,김현수,두산,좌익수,120,119,978 2/3,2,0,177,10,1,0.989,0,0,0,-,2009,defense
9,김상훈,KIA,포수,120,112,957 1/3,5,0,765,53,8,0.994,3,112,33,22.8,2009,defense
11,이범호,한화,3루수,119,119,968 2/3,14,0,66,232,23,0.955,0,0,0,-,2009,defense
11,이택근,우리,중견수,119,116,949,4,0,190,4,0,0.980,0,0,0,-,2009,defense
13,나주환,SK,유격수,118,109,989 1/3,15,0,153,327,78,0.970,0,0,0,-,2009,defense
13,정성훈,LG,3루수,118,112,950 2/3,7,0,76,210,24,0.976,0,0,0,-,2009,defense
15,임재철,두산,우익수,115,103,849 2/3,4,0,213,7,4,0.982,0,0,0,-,2009,defense
15,송광민,한화,유격수,115,110,935 2/3,14,0,176,336,76,0.973,0,0,0,-,2009,defense
15,김상현,KIA,3루수,115,115,888 1/3,20,0,89,216,19,0.938,0,0,0,-,2009,defense
18,채태인,삼성,1루수,114,99,863 1/3,3,0,840,55,94,0.997,0,0,0,-,2009,defense
18,이현곤,KIA,유격수,114,106,911 2/3,11,0,132,344,64,0.977,0,0,0,-,2009,defense
18,최희섭,KIA,1루수,114,113,986 2/3,5,0,1136,54,93,0.996,0,0,0,-,2009,defense
21,박기혁,롯데,유격수,109,94,816 2/3,16,0,166,298,66,0.967,0,0,0,-,2009,defense
22,신명철,삼성,2루수,107,89,755,3,0,170,225,64,0.992,0,0,0,-,2009,defense
22,연경흠,한화,좌익수,107,82,749,2,0,164,1,0,0.988,0,0,0,-,2009,defense
22,박용택,LG,좌익수,107,103,861,3,0,163,7,0,0.983,0,0,0,-,2009,defense
25,이숭용,우리,1루수,106,103,825,3,0,867,45,85,0.997,0,0,0,-,2009,defense
26,박정권,SK,1루수,104,56,604 1/3,6,0,576,44,78,0.990,0,0,0,-,2009,defense
26,이대호,롯데,3루수,104,100,799,14,0,78,203,24,0.953,0,0,0,-,2009,defense
28,안치홍,KIA,2루수,103,90,766,9,0,167,244,56,0.979,0,0,0,-,2009,defense
28,이종범,KIA,우익수,103,69,702,2,0,149,0,0,0.987,0,0,0,-,2009,defense
30,강귀태,우리,포수,102,82,679 2/3,5,0,518,32,1,0.991,8,80,18,18.4,2009,defense
1,안치홍,KIA,2루수,133,127,1119 1/3,9,0,290,403,82,0.987,0,0,0,-,2010,defense
2,조인성,LG,포수,130,121,1014,3,2,705,74,16,0.996,7,105,50,32.3,2010,defense
3,강정호,넥센,유격수,129,126,1091,23,0,196,379,95,0.962,0,0,0,-,2010,defense
4,박경완,SK,포수,128,117,1004,6,1,934,75,10,0.994,6,81,44,35.2,2010,defense
4,손시헌,두산,유격수,128,123,1058 2/3,14,0,202,368,72,0.976,0,0,0,-,2010,defense
4,이대형,LG,중견수,128,121,1078 2/3,2,0,232,3,1,0.992,0,0,0,-,2010,defense
7,정근우,SK,2루수,127,122,1068 1/3,13,0,275,367,90,0.980,0,0,0,-,2010,defense
8,양의지,두산,포수,125,120,922,10,1,723,62,8,0.987,7,100,33,24.8,2010,defense
8,이대수,한화,유격수,125,122,963,5,0,170,346,70,0.990,0,0,0,-,2010,defense
10,이용규,KIA,중견수,123,114,1020 1/3,3,0,223,4,0,0.987,0,0,0,-,2010,defense
10,최정,SK,3루수,123,113,1033,14,0,60,211,17,0.951,0,0,0,-,2010,defense
12,신명철,삼성,2루수,122,112,935,13,0,214,243,53,0.972,0,0,0,-,2010,defense
12,최진행,한화,좌익수,122,121,1046,4,0,206,2,1,0.981,0,0,0,-,2010,defense
14,오지환,LG,유격수,121,109,944 2/3,27,0,156,340,81,0.948,0,0,0,-,2010,defense
15,이영욱,삼성,중견수,119,99,939 2/3,1,0,231,4,1,0.996,0,0,0,-,2010,defense
16,최희섭,KIA,1루수,118,117,1023,7,0,1080,68,93,0.994,0,0,0,-,2010,defense
16,김현수,두산,좌익수,118,118,946,2,0,169,7,1,0.989,0,0,0,-,2010,defense
16,가르시아,롯데,우익수,118,116,975 1/3,5,0,177,7,3,0.974,0,0,0,-,2010,defense
16,장민석,넥센,중견수,118,114,992,7,0,222,7,1,0.970,0,0,0,-,2010,defense
20,강민호,롯데,포수,116,116,950 2/3,11,3,652,67,10,0.985,3,107,36,25.2,2010,defense
20,신경현,한화,포수,116,79,668 1/3,4,1,518,63,3,0.993,5,77,31,28.7,2010,defense
22,김강민,SK,중견수,115,110,977 1/3,1,0,214,4,1,0.995,0,0,0,-,2010,defense
23,박한이,삼성,우익수,114,98,867 1/3,1,0,201,11,2,0.995,0,0,0,-,2010,defense
24,정원석,한화,2루수,113,100,806,15,0,239,269,67,0.971,0,0,0,-,2010,defense
25,이종욱,두산,중견수,112,106,865 2/3,2,0,207,5,1,0.991,0,0,0,-,2010,defense
25,이숭용,넥센,1루수,112,93,770,4,0,795,62,86,0.995,0,0,0,-,2010,defense
27,조성환,롯데,2루수,109,109,875,3,0,218,360,65,0.995,0,0,0,-,2010,defense
27,정성훈,LG,3루수,109,99,850 1/3,12,0,55,205,22,0.956,0,0,0,-,2010,defense
29,박정권,SK,1루수,106,66,695 1/3,2,0,672,43,78,0.997,0,0,0,-,2010,defense
30,최준석,두산,1루수,104,103,756 1/3,2,0,770,75,68,0.998,0,0,0,-,2010,defense
1,김상수,삼성,유격수,126,121,1059 1/3,22,0,205,356,74,0.962,0,0,0,-,2011,defense
2,정성훈,LG,3루수,125,123,1015 2/3,12,0,63,216,19,0.959,0,0,0,-,2011,defense
3,강정호,넥센,유격수,123,122,1059 1/3,13,0,186,365,81,0.977,0,0,0,-,2011,defense
4,강민호,롯데,포수,122,122,998 1/3,15,5,698,84,16,0.981,7,78,43,35.5,2011,defense
4,문규현,롯데,유격수,122,104,892,16,0,184,354,89,0.971,0,0,0,-,2011,defense
6,전준우,롯데,중견수,120,117,974,2,0,223,13,1,0.992,0,0,0,-,2011,defense
6,김민우,넥센,3루수,120,109,963,13,0,77,192,23,0.954,0,0,0,-,2011,defense
8,박한이,삼성,우익수,118,110,947,2,0,266,2,0,0.993,0,0,0,-,2011,defense
8,김현수,두산,좌익수,118,116,969 1/3,5,0,231,10,3,0.980,0,0,0,-,2011,defense
8,양의지,두산,포수,118,117,915 1/3,6,0,704,82,14,0.992,1,74,52,41.3,2011,defense
11,조성환,롯데,2루수,117,114,967 1/3,9,0,244,342,100,0.985,0,0,0,-,2011,defense
11,조인성,LG,포수,117,107,933,5,0,641,62,8,0.993,15,77,35,31.3,2011,defense
11,김민성,넥센,2루수,117,96,835 2/3,8,0,245,295,72,0.985,0,0,0,-,2011,defense
11,이대수,한화,유격수,117,108,909 1/3,10,0,151,295,51,0.978,0,0,0,-,2011,defense
15,이종욱,두산,중견수,116,107,915 2/3,4,0,185,4,1,0.979,0,0,0,-,2011,defense
16,안치홍,KIA,2루수,115,106,900,9,0,256,300,81,0.984,0,0,0,-,2011,defense
17,신명철,삼성,2루수,114,99,840,7,0,214,224,57,0.984,0,0,0,-,2011,defense
17,알드리지,넥센,좌익수,114,112,974 2/3,1,0,178,3,0,0.995,0,0,0,-,2011,defense
19,최정,SK,3루수,113,112,996 1/3,5,0,63,213,22,0.982,0,0,0,-,2011,defense
20,정상호,SK,포수,111,102,873 1/3,7,1,771,72,13,0.992,4,53,42,44.2,2011,defense
20,이대호,롯데,1루수,111,110,891 2/3,4,0,923,83,104,0.996,0,0,0,-,2011,defense
22,손아섭,롯데,우익수,109,109,930 1/3,7,0,206,17,5,0.970,0,0,0,-,2011,defense
23,황재균,롯데,3루수,108,104,891 2/3,19,0,77,192,27,0.934,0,0,0,-,2011,defense
23,이여상,한화,3루수,108,90,762,7,0,53,142,12,0.965,0,0,0,-,2011,defense
25,차일목,KIA,포수,107,99,814 2/3,7,0,674,58,8,0.991,3,86,26,23.2,2011,defense
26,최준석,두산,1루수,105,101,804,1,0,766,58,78,0.999,0,0,0,-,2011,defense
27,이영욱,삼성,중견수,104,50,534 2/3,1,0,133,7,2,0.993,0,0,0,-,2011,defense
28,이원석,두산,3루수,102,70,686 2/3,4,0,47,158,13,0.981,0,0,0,-,2011,defense
29,이용규,KIA,중견수,101,101,852 2/3,1,0,190,5,0,0.995,0,0,0,-,2011,defense
30,진갑용,삼성,포수,100,87,675,6,0,495,41,5,0.989,3,42,23,35.4,2011,defense
1,오지환,LG,유격수,132,127,1141,25,0,227,425,87,0.963,0,0,0,-,2012,defense
2,손아섭,롯데,우익수,131,129,1120 2/3,3,0,276,13,7,0.990,0,0,0,-,2012,defense
2,황재균,롯데,3루수,131,128,1095 2/3,15,0,82,237,25,0.955,0,0,0,-,2012,defense
2,안치홍,KIA,2루수,131,131,1124,11,0,275,389,82,0.984,0,0,0,-,2012,defense
5,김상수,삼성,유격수,129,127,1101 2/3,14,0,177,362,67,0.975,0,0,0,-,2012,defense
6,최정,SK,3루수,126,125,1087 1/3,6,0,105,248,38,0.983,0,0,0,-,2012,defense
6,서건창,넥센,2루수,126,119,1042 2/3,7,0,266,341,77,0.989,0,0,0,-,2012,defense
8,이용규,KIA,중견수,125,125,1079 2/3,4,0,267,4,3,0.985,0,0,0,-,2012,defense
9,정근우,SK,2루수,123,119,1035 2/3,9,0,285,336,87,0.986,0,0,0,-,2012,defense
9,김선빈,KIA,유격수,123,123,1029 1/3,13,0,178,348,76,0.976,0,0,0,-,2012,defense
11,김강민,SK,중견수,121,115,985 2/3,2,0,230,8,2,0.992,0,0,0,-,2012,defense
12,이종욱,두산,중견수,120,117,1038 1/3,4,0,273,3,0,0.986,0,0,0,-,2012,defense
13,박석민,삼성,3루수,119,119,990,10,0,68,220,20,0.966,0,0,0,-,2012,defense
13,박병호,넥센,1루수,119,118,1014 2/3,7,0,1027,82,109,0.994,0,0,0,-,2012,defense
15,박종윤,롯데,1루수,118,110,965 2/3,7,0,988,67,85,0.993,0,0,0,-,2012,defense
15,전준우,롯데,중견수,118,114,969 1/3,6,0,226,12,3,0.975,0,0,0,-,2012,defense
17,박정권,SK,1루수,117,93,881,3,0,885,68,95,0.997,0,0,0,-,2012,defense
17,김현수,두산,좌익수,117,114,957,4,0,195,9,0,0.981,0,0,0,-,2012,defense
19,이대수,한화,유격수,115,108,910 1/3,13,0,125,322,49,0.972,0,0,0,-,2012,defense
19,강정호,넥센,유격수,115,114,991 1/3,12,0,180,353,88,0.978,0,0,0,-,2012,defense
21,강민호,롯데,포수,114,107,887,3,1,636,65,9,0.996,3,69,30,30.3,2012,defense
22,양의지,두산,포수,113,108,886,5,1,611,71,8,0.993,9,75,45,37.5,2012,defense
23,김원섭,KIA,좌익수,111,107,907 2/3,0,0,172,7,3,1.000,0,0,0,-,2012,defense
24,최진행,한화,좌익수,110,108,885,0,0,176,2,0,1.000,0,0,0,-,2012,defense
25,한상훈,한화,2루수,106,79,687,2,0,184,208,44,0.995,0,0,0,-,2012,defense
26,진갑용,삼성,포수,105,84,708,3,0,537,43,7,0.995,4,70,24,25.5,2012,defense
26,이원석,두산,3루수,105,94,844 2/3,15,0,65,150,14,0.935,0,0,0,-,2012,defense
26,오선진,한화,3루수,105,101,887 2/3,6,0,70,208,20,0.979,0,0,0,-,2012,defense
29,박한이,삼성,우익수,104,101,858 1/3,0,0,201,1,0,1.000,0,0,0,-,2012,defense
29,김주찬,롯데,좌익수,104,100,827 2/3,2,0,176,10,0,0.989,0,0,0,-,2012,defense
1,황재균,롯데,3루수,128,126,1112 2/3,18,0,92,232,27,0.947,0,0,0,-,2013,defense
2,전준우,롯데,중견수,126,124,1106 1/3,6,0,276,7,1,0.979,0,0,0,-,2013,defense
3,손아섭,롯데,우익수,124,124,1096 2/3,8,0,236,11,3,0.969,0,0,0,-,2013,defense
3,강정호,넥센,유격수,124,122,1071 2/3,15,0,226,380,98,0.976,0,0,0,-,2013,defense
3,오지환,LG,유격수,124,113,1007 2/3,20,0,204,408,105,0.968,0,0,0,-,2013,defense
6,김민성,넥센,3루수,123,121,1043,13,0,83,229,24,0.960,0,0,0,-,2013,defense
7,손주인,LG,2루수,121,109,920 2/3,8,0,220,327,101,0.986,0,0,0,-,2013,defense
8,최정,SK,3루수,119,118,1020 2/3,19,0,80,222,21,0.941,0,0,0,-,2013,defense
8,박병호,넥센,1루수,119,118,1011,5,0,982,80,110,0.995,0,0,0,-,2013,defense
10,안치홍,KIA,2루수,116,113,986 1/3,8,0,234,344,67,0.986,0,0,0,-,2013,defense
10,노진혁,NC,유격수,116,100,867 1/3,10,0,144,283,69,0.977,0,0,0,-,2013,defense
12,김상수,삼성,유격수,115,114,974 1/3,16,0,165,297,54,0.967,0,0,0,-,2013,defense
12,허도환,넥센,포수,115,101,822 2/3,8,3,639,78,12,0.989,6,97,36,27.1,2013,defense
12,정성훈,LG,3루수,115,109,909 1/3,14,0,68,187,24,0.948,0,0,0,-,2013,defense
15,양의지,두산,포수,114,96,815 2/3,4,1,645,57,7,0.994,7,87,38,30.4,2013,defense
16,김태군,NC,포수,112,100,789,7,0,627,53,4,0.990,4,67,27,28.7,2013,defense
17,박한이,삼성,우익수,111,108,920,1,0,224,5,3,0.996,0,0,0,-,2013,defense
17,김현수,두산,좌익수,111,110,812,2,0,185,11,1,0.990,0,0,0,-,2013,defense
17,박종윤,롯데,1루수,111,98,876 1/3,4,0,881,74,63,0.996,0,0,0,-,2013,defense
20,이지영,삼성,포수,110,80,680,6,2,585,38,7,0.990,3,67,21,23.9,2013,defense
20,조영훈,NC,1루수,110,101,865 1/3,5,0,865,70,90,0.995,0,0,0,-,2013,defense
22,이종욱,두산,중견수,107,97,818 1/3,2,0,203,4,0,0.990,0,0,0,-,2013,defense
23,박석민,삼성,3루수,106,102,869 1/3,10,0,59,180,24,0.960,0,0,0,-,2013,defense
23,정근우,SK,2루수,106,105,878 2/3,6,0,253,284,81,0.989,0,0,0,-,2013,defense
23,민병헌,두산,우익수,106,90,783,1,0,169,3,0,0.994,0,0,0,-,2013,defense
23,장민석,넥센,좌익수,106,88,785,8,0,159,11,4,0.955,0,0,0,-,2013,defense
27,정훈,롯데,2루수,104,91,816 1/3,9,0,202,265,57,0.981,0,0,0,-,2013,defense
27,이범호,KIA,3루수,104,104,826,3,0,63,176,18,0.988,0,0,0,-,2013,defense
27,나성범,NC,중견수,104,104,916 1/3,3,0,234,8,3,0.988,0,0,0,-,2013,defense
30,김강민,SK,중견수,100,93,810,3,0,192,8,2,0.985,0,0,0,-,2013,defense
1,김상수,삼성,유격수,128,127,1099 2/3,14,0,183,318,65,0.973,0,0,0,-,2014,defense
1,황재균,롯데,3루수,128,127,1091 2/3,16,0,89,226,25,0.952,0,0,0,-,2014,defense
3,나주환,SK,2루수,127,120,1036 2/3,10,0,225,343,93,0.983,0,0,0,-,2014,defense
4,정수빈,두산,중견수,126,119,1042 2/3,1,0,285,8,1,0.997,0,0,0,-,2014,defense
5,서건창,넥센,2루수,125,125,1077 2/3,7,0,251,373,88,0.989,0,0,0,-,2014,defense
6,나바로,삼성,2루수,124,123,1054 1/3,11,0,239,298,66,0.980,0,0,0,-,2014,defense
6,박한이,삼성,우익수,124,123,1051,5,0,240,3,0,0.980,0,0,0,-,2014,defense
6,김현수,두산,좌익수,124,124,1005 1/3,1,0,233,8,1,0.996,0,0,0,-,2014,defense
6,정훈,롯데,2루수,124,117,1018 2/3,13,0,240,342,83,0.978,0,0,0,-,2014,defense
10,민병헌,두산,우익수,123,114,940 2/3,0,0,218,5,0,1.000,0,0,0,-,2014,defense
10,안치홍,KIA,2루수,123,116,969 2/3,9,0,229,313,79,0.984,0,0,0,-,2014,defense
10,이대형,KIA,중견수,123,112,958 2/3,3,0,248,4,2,0.988,0,0,0,-,2014,defense
10,정근우,한화,2루수,123,119,1019 2/3,12,0,263,359,91,0.981,0,0,0,-,2014,defense
14,김성현,SK,유격수,122,117,1008 1/3,17,0,164,329,72,0.967,0,0,0,-,2014,defense
15,김재호,두산,유격수,121,113,937 1/3,11,0,170,326,57,0.978,0,0,0,-,2014,defense
15,손아섭,롯데,우익수,121,120,1040 1/3,4,0,232,15,2,0.984,0,0,0,-,2014,defense
17,나성범,NC,중견수,119,118,1015 1/3,3,0,269,4,1,0.989,0,0,0,-,2014,defense
18,모창민,NC,3루수,118,116,941 2/3,10,0,61,211,21,0.965,0,0,0,-,2014,defense
18,테임즈,NC,1루수,118,117,929,13,0,913,71,92,0.987,0,0,0,-,2014,defense
20,최경철,LG,포수,116,99,824 1/3,3,0,605,50,8,0.995,7,67,30,30.9,2014,defense
21,채태인,삼성,1루수,115,112,953,2,0,833,61,76,0.998,0,0,0,-,2014,defense
21,박병호,넥센,1루수,115,115,979,4,0,922,85,101,0.996,0,0,0,-,2014,defense
21,이택근,넥센,중견수,115,109,904 1/3,5,0,206,5,1,0.977,0,0,0,-,2014,defense
21,박민우,NC,2루수,115,109,882 1/3,10,0,239,291,68,0.981,0,0,0,-,2014,defense
21,김태균,한화,1루수,115,115,959,3,0,903,87,91,0.997,0,0,0,-,2014,defense
26,강정호,넥센,유격수,113,113,942 1/3,9,0,180,280,71,0.981,0,0,0,-,2014,defense
27,오지환,LG,유격수,112,104,931 1/3,20,0,180,336,71,0.963,0,0,0,-,2014,defense
27,김강민,SK,중견수,112,108,913 1/3,3,0,213,9,2,0.987,0,0,0,-,2014,defense
29,최형우,삼성,좌익수,111,111,879 2/3,1,0,222,4,2,0.996,0,0,0,-,2014,defense
29,이종욱,NC,우익수,111,106,846,3,0,174,3,0,0.983,0,0,0,-,2014,defense
1,김태군,NC,포수,144,139,1086 2/3,3,1,922,59,6,0.997,4,74,31,29.5,2015,defense
2,나성범,NC,우익수,142,141,1192 1/3,6,0,268,11,4,0.979,0,0,0,-,2015,defense
3,박민우,NC,2루수,141,133,1127 2/3,11,0,266,376,88,0.983,0,0,0,-,2015,defense
4,김하성,넥센,유격수,140,139,1209 1/3,21,0,212,408,87,0.967,0,0,0,-,2015,defense
4,손시헌,NC,유격수,140,137,1102,13,0,187,347,75,0.976,0,0,0,-,2015,defense
6,박해민,삼성,중견수,138,129,1104 2/3,3,0,309,5,1,0.991,0,0,0,-,2015,defense
7,오지환,LG,유격수,137,132,1155 2/3,15,0,223,449,96,0.978,0,0,0,-,2015,defense
7,필,KIA,1루수,137,133,1091 2/3,8,0,1043,90,117,0.993,0,0,0,-,2015,defense
9,황재균,롯데,3루수,135,128,1118 1/3,16,0,62,253,25,0.952,0,0,0,-,2015,defense
10,최형우,삼성,좌익수,134,134,1060 2/3,2,0,214,6,0,0.991,0,0,0,-,2015,defense
10,박경수,KT,2루수,134,131,1076,6,0,311,347,101,0.991,0,0,0,-,2015,defense
12,김재호,두산,유격수,133,128,1112 2/3,16,0,187,352,73,0.971,0,0,0,-,2015,defense
13,박병호,넥센,1루수,131,131,1124 1/3,12,0,1113,93,103,0.990,0,0,0,-,2015,defense
13,이범호,KIA,3루수,131,127,986 2/3,9,0,77,198,28,0.968,0,0,0,-,2015,defense
13,이대형,KT,중견수,131,126,981 2/3,2,0,213,3,1,0.991,0,0,0,-,2015,defense
16,박석민,삼성,3루수,129,129,1066 2/3,14,0,63,206,16,0.951,0,0,0,-,2015,defense
16,양의지,두산,포수,129,123,1003 2/3,6,3,860,76,8,0.994,4,93,33,26.2,2015,defense
16,정훈,롯데,2루수,129,127,1060 1/3,17,0,258,332,83,0.972,0,0,0,-,2015,defense
19,김상수,삼성,유격수,128,128,1092,18,0,175,323,62,0.965,0,0,0,-,2015,defense
19,김성현,SK,유격수,128,116,991 2/3,22,0,164,320,74,0.957,0,0,0,-,2015,defense
19,정수빈,두산,중견수,128,122,1090 2/3,2,0,255,4,2,0.992,0,0,0,-,2015,defense
22,나바로,삼성,2루수,126,124,1058 1/3,12,0,268,293,74,0.979,0,0,0,-,2015,defense
22,박동원,넥센,포수,126,122,1012,10,6,858,96,10,0.990,9,75,32,29.9,2015,defense
24,테임즈,NC,1루수,125,125,1010,4,0,934,70,88,0.996,0,0,0,-,2015,defense
25,이종욱,NC,중견수,124,120,1006,1,0,227,6,1,0.996,0,0,0,-,2015,defense
25,지석훈,NC,3루수,124,106,835,12,0,72,165,18,0.952,0,0,0,-,2015,defense
25,유강남,LG,포수,124,85,704 2/3,3,0,617,45,8,0.995,2,87,21,19.4,2015,defense
25,정근우,한화,2루수,124,120,1015 1/3,10,0,267,367,85,0.984,0,0,0,-,2015,defense
29,김종호,NC,좌익수,122,114,861,2,0,186,5,2,0.990,0,0,0,-,2015,defense
30,김현수,두산,좌익수,120,118,962 2/3,1,0,205,3,0,0.995,0,0,0,-,2015,defense
1,김하성,넥센,유격수,143,141,1203,21,0,162,407,78,0.964,0,0,0,-,2016,defense
1,손아섭,롯데,우익수,143,142,1189,3,0,247,6,1,0.988,0,0,0,-,2016,defense
3,허경민,두산,3루수,142,140,1206 1/3,7,0,101,220,27,0.979,0,0,0,-,2016,defense
3,나성범,NC,우익수,142,139,1206 1/3,8,0,243,4,1,0.969,0,0,0,-,2016,defense
5,최정,SK,3루수,140,136,1181 1/3,14,0,89,291,32,0.964,0,0,0,-,2016,defense
6,정근우,한화,2루수,138,137,1170 2/3,16,0,337,406,105,0.979,0,0,0,-,2016,defense
7,김재호,두산,유격수,137,129,1065,10,0,209,407,90,0.984,0,0,0,-,2016,defense
8,최형우,삼성,좌익수,134,134,1094,3,0,221,4,1,0.987,0,0,0,-,2016,defense
8,김태군,NC,포수,134,121,935 2/3,0,2,859,76,8,1.000,3,57,31,35.2,2016,defense
10,서건창,넥센,2루수,133,133,1125 1/3,15,0,328,349,82,0.978,0,0,0,-,2016,defense
10,히메네스,LG,3루수,133,129,1123 1/3,17,0,109,262,28,0.956,0,0,0,-,2016,defense
12,백상원,삼성,2루수,130,129,1060 2/3,8,0,236,298,81,0.985,0,0,0,-,2016,defense
12,이범호,KIA,3루수,130,128,1038 2/3,11,0,70,215,30,0.963,0,0,0,-,2016,defense
14,김민성,넥센,3루수,128,123,1060,7,0,130,229,19,0.981,0,0,0,-,2016,defense
15,박동원,넥센,포수,126,122,991 1/3,7,1,743,89,8,0.992,8,60,41,40.6,2016,defense
16,김문호,롯데,좌익수,125,117,1005,5,0,201,2,0,0.976,0,0,0,-,2016,defense
17,이지영,삼성,포수,124,101,867,10,1,682,65,13,0.987,5,77,35,31.3,2016,defense
17,황재균,롯데,3루수,124,122,1055 2/3,15,0,85,271,33,0.960,0,0,0,-,2016,defense
19,필,KIA,1루수,123,121,997 2/3,13,0,918,69,94,0.987,0,0,0,-,2016,defense
20,김호령,KIA,중견수,122,112,1009 2/3,3,0,310,10,5,0.991,0,0,0,-,2016,defense
21,오재원,두산,2루수,120,111,941 2/3,16,0,211,313,76,0.970,0,0,0,-,2016,defense
22,박해민,삼성,중견수,119,107,942,2,0,316,6,1,0.994,0,0,0,-,2016,defense
22,오지환,LG,유격수,119,112,990,17,0,181,365,74,0.970,0,0,0,-,2016,defense
24,박정권,SK,1루수,118,107,918,6,0,947,91,91,0.994,0,0,0,-,2016,defense
25,이대형,KT,중견수,117,107,896,1,0,212,7,1,0.995,0,0,0,-,2016,defense
26,박민우,NC,2루수,116,113,897 1/3,14,0,224,278,65,0.973,0,0,0,-,2016,defense
26,이재원,SK,포수,116,111,896 1/3,8,2,689,69,6,0.990,2,78,41,34.5,2016,defense
26,차일목,한화,포수,116,90,708 1/3,6,2,582,57,6,0.991,6,76,31,29.0,2016,defense
29,박석민,NC,3루수,114,111,891,15,0,54,153,11,0.932,0,0,0,-,2016,defense
29,테임즈,NC,1루수,114,111,905,4,0,803,52,88,0.995,0,0,0,-,2016,defense
1,구자욱,삼성,우익수,144,144,1242 1/3,5,0,278,13,4,0.983,0,0,0,-,2017,defense
2,손아섭,롯데,우익수,139,139,1210 1/3,2,0,250,11,2,0.992,0,0,0,-,2017,defense
2,박해민,삼성,중견수,139,130,1151 2/3,1,0,323,7,2,0.997,0,0,0,-,2017,defense
4,김하성,넥센,유격수,138,133,1163,18,0,207,422,71,0.972,0,0,0,-,2017,defense
5,김민식,KIA,포수,136,112,931 1/3,8,2,739,72,11,0.990,12,46,28,37.8,2017,defense
6,권희동,NC,좌익수,134,131,1036 1/3,2,0,220,6,1,0.991,0,0,0,-,2017,defense
6,김선빈,KIA,유격수,134,122,1056,14,0,169,346,80,0.974,0,0,0,-,2017,defense
8,김재환,두산,좌익수,132,131,1093,8,0,232,5,0,0.967,0,0,0,-,2017,defense
8,김태군,NC,포수,132,122,957 1/3,9,3,860,62,11,0.990,1,50,29,36.7,2017,defense
10,안치홍,KIA,2루수,131,126,1082 1/3,13,0,291,359,98,0.980,0,0,0,-,2017,defense
11,허경민,두산,3루수,130,104,952 1/3,5,0,100,202,18,0.984,0,0,0,-,2017,defense
12,강민호,롯데,포수,129,120,1032 2/3,11,4,904,77,15,0.989,9,71,31,30.4,2017,defense
13,김성현,SK,2루수,128,106,959 1/3,6,0,229,340,77,0.990,0,0,0,-,2017,defense
14,김민성,넥센,3루수,125,119,1028,6,0,110,242,32,0.983,0,0,0,-,2017,defense
15,버나디나,KIA,중견수,124,119,927 1/3,0,0,238,9,0,1.000,0,0,0,-,2017,defense
16,나성범,NC,우익수,123,123,1051 2/3,8,0,242,9,2,0.969,0,0,0,-,2017,defense
16,손시헌,NC,유격수,123,107,849 2/3,10,0,154,301,62,0.978,0,0,0,-,2017,defense
18,서건창,넥센,2루수,122,120,1008 2/3,12,0,254,329,73,0.980,0,0,0,-,2017,defense
18,박경수,KT,2루수,122,119,950,6,0,243,312,78,0.989,0,0,0,-,2017,defense
20,박건우,두산,중견수,120,116,988 1/3,4,0,227,4,1,0.983,0,0,0,-,2017,defense
20,김문호,롯데,좌익수,120,93,883 1/3,3,0,179,2,0,0.984,0,0,0,-,2017,defense
22,유강남,LG,포수,117,96,831 1/3,4,2,733,43,5,0.995,5,36,14,28.0,2017,defense
22,최정,SK,3루수,117,116,936 2/3,6,0,77,213,20,0.980,0,0,0,-,2017,defense
24,이대호,롯데,1루수,116,114,935 2/3,8,0,898,59,92,0.992,0,0,0,-,2017,defense
25,최형우,KIA,좌익수,115,114,916 2/3,4,0,196,7,0,0.981,0,0,0,-,2017,defense
26,오재원,두산,2루수,113,82,766 2/3,6,0,204,214,63,0.986,0,0,0,-,2017,defense
27,이범호,KIA,3루수,111,105,867 2/3,13,0,57,179,24,0.948,0,0,0,-,2017,defense
27,이원석,삼성,3루수,111,107,910 1/3,12,0,69,191,23,0.956,0,0,0,-,2017,defense
29,채은성,LG,우익수,110,80,772 2/3,3,0,192,6,0,0.985,0,0,0,-,2017,defense
29,번즈,롯데,2루수,110,103,916 1/3,8,0,225,307,72,0.985,0,0,0,-,2017,defense
1,오지환,LG,유격수,143,142,1198 2/3,24,0,211,409,74,0.963,0,0,0,-,2018,defense
2,나성범,NC,우익수,142,142,1220,3,0,288,9,2,0.990,0,0,0,-,2018,defense
3,하주석,한화,유격수,141,132,1142 2/3,18,0,194,348,80,0.968,0,0,0,-,2018,defense
3,박해민,삼성,중견수,141,134,1198 2/3,2,0,344,4,1,0.994,0,0,0,-,2018,defense
5,채은성,LG,우익수,135,134,1147 2/3,3,0,264,8,1,0.989,0,0,0,-,2018,defense
6,이용규,한화,중견수,133,128,1069 2/3,6,0,260,5,2,0.978,0,0,0,-,2018,defense
7,허경민,두산,3루수,132,121,1046,7,0,87,226,29,0.978,0,0,0,-,2018,defense
7,번즈,롯데,2루수,132,127,1073,22,0,260,360,81,0.966,0,0,0,-,2018,defense
7,로맥,SK,1루수,132,124,1078 2/3,8,0,1026,68,90,0.993,0,0,0,-,2018,defense
7,로하스,KT,중견수,132,130,1127 2/3,3,0,258,7,0,0.989,0,0,0,-,2018,defense
11,호잉,한화,우익수,130,129,1098 2/3,3,0,240,9,1,0.988,0,0,0,-,2018,defense
11,김헌곤,삼성,좌익수,130,115,1039 1/3,0,0,232,14,5,1.000,0,0,0,-,2018,defense
13,버나디나,KIA,중견수,129,124,1026 2/3,3,0,250,5,1,0.988,0,0,0,-,2018,defense
13,김재호,두산,유격수,129,114,939,12,0,154,285,66,0.973,0,0,0,-,2018,defense
15,손아섭,롯데,우익수,127,125,1068 2/3,4,0,245,5,2,0.984,0,0,0,-,2018,defense
15,박경수,KT,2루수,127,122,1016,14,0,283,381,111,0.979,0,0,0,-,2018,defense
17,김선빈,KIA,유격수,126,115,962,12,0,163,293,62,0.974,0,0,0,-,2018,defense
17,유강남,LG,포수,126,109,952,7,0,783,53,9,0.992,6,78,26,25.0,2018,defense
17,김하성,넥센,유격수,126,124,1071 2/3,13,0,206,396,69,0.979,0,0,0,-,2018,defense
17,임병욱,넥센,중견수,126,97,911 2/3,5,0,227,2,0,0.979,0,0,0,-,2018,defense
17,최재훈,한화,포수,126,95,830 2/3,5,0,747,48,14,0.994,7,52,25,32.5,2018,defense
22,황재균,KT,3루수,125,123,1040 1/3,17,0,68,221,32,0.944,0,0,0,-,2018,defense
23,오재원,두산,2루수,122,116,966,16,0,236,305,81,0.971,0,0,0,-,2018,defense
23,장성우,KT,포수,122,107,894 2/3,9,0,744,50,5,0.989,17,64,21,24.7,2018,defense
25,김민식,KIA,포수,121,100,844,4,1,708,51,6,0.995,6,71,19,21.1,2018,defense
26,김상수,삼성,유격수,120,120,989,16,0,164,288,68,0.966,0,0,0,-,2018,defense
26,윤석민,KT,1루수,120,115,954 1/3,7,0,881,54,108,0.993,0,0,0,-,2018,defense
28,이재원,SK,포수,119,109,846 2/3,11,2,774,48,6,0.987,5,72,18,20.0,2018,defense
28,이원석,삼성,3루수,119,117,965 2/3,9,0,87,173,13,0.967,0,0,0,-,2018,defense
30,양의지,두산,포수,118,108,861 2/3,3,0,703,52,8,0.996,5,46,28,37.8,2018,defense
1,김성현,SK,유격수,144,132,1143 2/3,26,0,179,358,83,0.954,0,0,0,-,2019,defense
2,정은원,한화,2루수,142,137,1192 2/3,13,0,299,421,115,0.982,0,0,0,-,2019,defense
3,박해민,삼성,중견수,140,129,1147,2,0,385,7,3,0.995,0,0,0,-,2019,defense
4,이재원,SK,포수,136,121,1041,6,0,889,58,4,0.994,3,84,19,18.4,2019,defense
5,박세혁,두산,포수,135,128,1071 2/3,8,0,786,55,5,0.991,4,85,23,21.3,2019,defense
6,최정,SK,3루수,134,133,1153,14,0,93,211,21,0.956,0,0,0,-,2019,defense
6,전준우,롯데,좌익수,134,133,1148,4,0,233,7,2,0.984,0,0,0,-,2019,defense
6,오지환,LG,유격수,134,131,1101,12,0,214,402,100,0.981,0,0,0,-,2019,defense
9,최재훈,한화,포수,133,126,1022 2/3,6,3,788,76,17,0.993,8,84,31,27.0,2019,defense
10,허경민,두산,3루수,132,124,1080,8,0,86,193,18,0.972,0,0,0,-,2019,defense
11,로맥,SK,1루수,130,127,1113 1/3,3,0,1022,49,103,0.997,0,0,0,-,2019,defense
11,김재호,두산,유격수,130,116,993 1/3,10,0,158,339,67,0.980,0,0,0,-,2019,defense
13,손아섭,롯데,우익수,129,125,1066 2/3,4,0,251,6,2,0.985,0,0,0,-,2019,defense
14,유강남,LG,포수,128,115,968 1/3,7,0,757,61,9,0.992,5,84,25,22.9,2019,defense
14,정주현,LG,2루수,128,124,972,13,0,209,307,77,0.975,0,0,0,-,2019,defense
16,오재일,두산,1루수,126,119,1044,4,0,1031,76,100,0.996,0,0,0,-,2019,defense
16,이창진,KIA,중견수,126,110,963 1/3,4,0,278,6,1,0.986,0,0,0,-,2019,defense
16,박경수,KT,2루수,126,121,983 2/3,9,0,222,349,81,0.984,0,0,0,-,2019,defense
19,장성우,KT,포수,125,107,911 2/3,5,0,626,54,4,0.993,10,60,24,28.6,2019,defense
20,김재환,두산,좌익수,124,124,1010,0,0,228,5,1,1.000,0,0,0,-,2019,defense
20,이천웅,LG,중견수,124,121,1039 2/3,1,0,264,6,3,0.996,0,0,0,-,2019,defense
20,심우준,KT,유격수,124,113,976 1/3,9,0,213,290,77,0.982,0,0,0,-,2019,defense
23,김강민,SK,중견수,123,100,947 1/3,3,0,264,9,2,0.989,0,0,0,-,2019,defense
24,박건우,두산,우익수,122,113,947 1/3,3,0,233,2,1,0.987,0,0,0,-,2019,defense
25,정수빈,두산,중견수,121,114,1012 2/3,3,0,302,4,1,0.990,0,0,0,-,2019,defense
25,김상수,삼성,2루수,121,117,993,10,0,235,328,75,0.983,0,0,0,-,2019,defense
27,송광민,한화,3루수,120,115,974,16,0,79,218,33,0.949,0,0,0,-,2019,defense
27,오선진,한화,유격수,120,113,954 2/3,12,0,160,303,69,0.975,0,0,0,-,2019,defense
29,신본기,롯데,유격수,118,108,906 2/3,15,0,161,272,56,0.967,0,0,0,-,2019,defense
30,임병욱,키움,중견수,117,101,904 2/3,4,0,248,9,2,0.985,0,0,0,-,2019,defense
1,심우준,KT,유격수,144,133,1157,21,0,231,427,94,0.969,0,0,0,-,2020,defense
1,마차도,롯데,유격수,144,139,1180 2/3,10,0,228,380,88,0.984,0,0,0,-,2020,defense
3,배정대,KT,중견수,143,141,1221 1/3,5,0,354,13,2,0.987,0,0,0,-,2020,defense
4,정수빈,두산,중견수,141,133,1162 2/3,1,0,328,7,3,0.997,0,0,0,-,2020,defense
4,오지환,LG,유격수,141,136,1142,15,0,184,405,100,0.975,0,0,0,-,2020,defense
4,박찬호,KIA,유격수,141,137,1165,15,0,198,385,101,0.975,0,0,0,-,2020,defense
7,전준우,롯데,좌익수,139,136,1154 2/3,5,0,274,9,0,0.983,0,0,0,-,2020,defense
8,유강남,LG,포수,134,123,1009 2/3,2,0,795,52,8,0.998,7,64,22,25.6,2020,defense
8,터커,KIA,우익수,134,133,1108,1,0,222,4,1,0.996,0,0,0,-,2020,defense
10,황재균,KT,3루수,132,128,1113 2/3,13,0,106,213,31,0.961,0,0,0,-,2020,defense
11,알테어,NC,중견수,131,129,1094 2/3,2,0,326,3,1,0.994,0,0,0,-,2020,defense
11,나지완,KIA,좌익수,131,130,1019 1/3,1,0,206,3,1,0.995,0,0,0,-,2020,defense
13,김재환,두산,좌익수,127,127,1014 2/3,2,0,247,5,1,0.992,0,0,0,-,2020,defense
13,정주현,LG,2루수,127,111,896,10,0,211,321,90,0.982,0,0,0,-,2020,defense
13,강백호,KT,1루수,127,121,1064,10,0,1056,75,111,0.991,0,0,0,-,2020,defense
16,장성우,KT,포수,126,114,952,3,0,665,34,6,0.996,6,54,14,20.6,2020,defense
16,박해민,삼성,중견수,126,121,1019 1/3,0,0,340,5,2,1.000,0,0,0,-,2020,defense
16,손아섭,롯데,우익수,126,123,1056 2/3,1,0,234,4,1,0.996,0,0,0,-,2020,defense
19,노진혁,NC,유격수,125,115,955 2/3,8,0,174,274,56,0.982,0,0,0,-,2020,defense
19,김준태,롯데,포수,125,84,793,7,0,615,54,5,0.990,4,64,12,15.8,2020,defense
21,로맥,SK,1루수,124,121,1035 2/3,10,0,947,48,111,0.990,0,0,0,-,2020,defense
21,한동희,롯데,3루수,124,119,973,16,0,58,206,11,0.943,0,0,0,-,2020,defense
23,박민우,NC,2루수,123,116,943 2/3,10,0,250,278,71,0.981,0,0,0,-,2020,defense
24,최정,SK,3루수,122,118,987 2/3,11,0,76,170,22,0.957,0,0,0,-,2020,defense
25,박건우,두산,우익수,121,114,902,2,0,214,7,4,0.991,0,0,0,-,2020,defense
26,김재호,두산,유격수,120,113,961 2/3,13,0,137,289,59,0.970,0,0,0,-,2020,defense
27,유민상,KIA,1루수,119,108,932 2/3,9,0,830,51,108,0.990,0,0,0,-,2020,defense
27,최재훈,한화,포수,119,103,857 2/3,5,1,727,48,12,0.994,4,79,27,25.5,2020,defense
29,박세혁,두산,포수,118,106,880 2/3,8,1,752,38,5,0.990,2,59,14,19.2,2020,defense
30,오재일,두산,1루수,115,110,927 1/3,3,0,833,36,75,0.997,0,0,0,-,2020,defense
1,배정대,KT,중견수,144,139,1189 1/3,3,0,308,7,1,0.991,0,0,0,-,2021,defense
2,최원준,KIA,우익수,140,133,1163 1/3,7,0,291,10,2,0.977,0,0,0,-,2021,defense
3,심우준,KT,유격수,138,129,1065,19,0,210,327,78,0.966,0,0,0,-,2021,defense
4,알테어,NC,중견수,134,129,1078 2/3,2,0,319,4,2,0.994,0,0,0,-,2021,defense
4,손아섭,롯데,우익수,134,131,1118,5,0,222,5,0,0.978,0,0,0,-,2021,defense
6,강백호,KT,1루수,133,128,1068,19,0,1024,105,98,0.983,0,0,0,-,2021,defense
6,마차도,롯데,유격수,133,127,1076 2/3,11,0,235,337,78,0.981,0,0,0,-,2021,defense
8,오지환,LG,유격수,132,129,1060 2/3,13,0,175,359,90,0.976,0,0,0,-,2021,defense
9,나성범,NC,우익수,131,130,1071 2/3,5,0,231,5,1,0.979,0,0,0,-,2021,defense
9,서건창,LG,2루수,131,127,1038 1/3,8,0,253,307,82,0.986,0,0,0,-,2021,defense
11,허경민,두산,3루수,130,116,984 2/3,8,0,92,161,21,0.969,0,0,0,-,2021,defense
11,구자욱,삼성,우익수,130,130,1085,3,0,247,9,3,0.988,0,0,0,-,2021,defense
11,김상수,삼성,2루수,130,125,1039,12,0,241,359,84,0.980,0,0,0,-,2021,defense
14,유강남,LG,포수,129,117,961,3,1,829,66,7,0.997,9,77,23,23.0,2021,defense
14,박성한,SSG,유격수,129,111,993 2/3,23,0,194,313,75,0.957,0,0,0,-,2021,defense
16,박찬호,KIA,유격수,128,125,1100 1/3,24,0,204,321,74,0.956,0,0,0,-,2021,defense
16,최정,SSG,3루수,128,123,1029,12,0,83,209,24,0.961,0,0,0,-,2021,defense
18,양석환,두산,1루수,127,125,1014 1/3,8,0,854,57,92,0.991,0,0,0,-,2021,defense
19,김재환,두산,좌익수,126,125,948,4,0,199,4,0,0.981,0,0,0,-,2021,defense
20,김선빈,KIA,2루수,125,125,1015 2/3,7,0,206,305,86,0.986,0,0,0,-,2021,defense
20,박해민,삼성,중견수,125,119,989 2/3,1,0,280,2,1,0.996,0,0,0,-,2021,defense
20,정은원,한화,2루수,125,122,1015 2/3,13,0,219,279,70,0.975,0,0,0,-,2021,defense
23,한동희,롯데,3루수,124,116,992 1/3,14,0,89,195,22,0.953,0,0,0,-,2021,defense
24,강진성,NC,1루수,120,115,970 1/3,13,0,839,56,67,0.986,0,0,0,-,2021,defense
25,강민호,삼성,포수,119,110,934,7,0,800,49,5,0.992,3,40,11,21.6,2021,defense
26,김민성,LG,3루수,117,107,854,7,0,54,176,22,0.970,0,0,0,-,2021,defense
26,오재일,삼성,1루수,117,113,936,2,0,864,50,95,0.998,0,0,0,-,2021,defense
28,홍창기,LG,중견수,116,108,891,2,0,194,3,1,0.990,0,0,0,-,2021,defense
28,전준우,롯데,좌익수,116,116,969,0,0,233,6,2,1.000,0,0,0,-,2021,defense
28,김강민,SSG,중견수,116,40,566 1/3,2,0,149,6,3,0.987,0,0,0,-,2021,defense
1,배정대,KT,중견수,144,134,1195 2/3,3,0,313,5,1,0.991,0,0,0,-,2022,defense
1,박해민,LG,중견수,144,142,1205,2,0,355,3,0,0.994,0,0,0,-,2022,defense
3,오지환,LG,유격수,142,137,1167,16,0,210,359,83,0.973,0,0,0,-,2022,defense
4,황재균,KT,3루수,138,133,1147 2/3,12,0,87,207,19,0.961,0,0,0,-,2022,defense
4,송성문,키움,3루수,138,137,1216,15,0,89,250,23,0.958,0,0,0,-,2022,defense
4,박성한,SSG,유격수,138,131,1176,24,0,215,376,97,0.961,0,0,0,-,2022,defense
7,이지영,키움,포수,137,102,994 2/3,11,0,818,77,9,0.988,4,67,33,33.0,2022,defense
7,김선빈,KIA,2루수,137,134,1134 1/3,10,0,246,334,80,0.983,0,0,0,-,2022,defense
9,유강남,LG,포수,134,115,1008 1/3,7,1,821,71,8,0.992,4,91,19,17.3,2022,defense
9,이정후,키움,중견수,134,132,1155 1/3,2,0,304,7,1,0.994,0,0,0,-,2022,defense
11,나성범,KIA,우익수,132,132,1131 2/3,3,0,223,4,1,0.987,0,0,0,-,2022,defense
11,터크먼,한화,중견수,132,129,1103 2/3,5,0,355,8,2,0.986,0,0,0,-,2022,defense
13,박찬호,KIA,유격수,130,128,1103 1/3,22,0,215,338,66,0.962,0,0,0,-,2022,defense
14,심우준,KT,유격수,129,124,1048 1/3,16,0,211,298,81,0.970,0,0,0,-,2022,defense
14,황대인,KIA,1루수,129,127,1041 1/3,7,0,955,68,82,0.993,0,0,0,-,2022,defense
16,김혜성,키움,2루수,127,123,1080,11,0,293,371,85,0.984,0,0,0,-,2022,defense
17,박세혁,두산,포수,126,110,884,5,0,689,68,10,0.993,7,74,21,22.1,2022,defense
18,강승호,두산,2루수,124,110,945 1/3,14,0,204,300,69,0.973,0,0,0,-,2022,defense
18,정수빈,두산,중견수,124,109,979 2/3,1,0,289,3,0,0.997,0,0,0,-,2022,defense
20,소크라테스,KIA,중견수,123,122,1009 2/3,5,0,302,1,0,0.984,0,0,0,-,2022,defense
21,피렐라,삼성,좌익수,121,121,1026 1/3,5,0,228,7,1,0.979,0,0,0,-,2022,defense
21,채은성,LG,1루수,121,120,935,10,0,896,53,90,0.990,0,0,0,-,2022,defense
23,허경민,두산,3루수,120,117,976 1/3,9,0,111,158,17,0.968,0,0,0,-,2022,defense
23,한유섬,SSG,우익수,120,114,979 2/3,0,0,210,4,0,1.000,0,0,0,-,2022,defense
25,오재일,삼성,1루수,119,112,949,5,0,881,76,87,0.995,0,0,0,-,2022,defense
26,최정,SSG,3루수,117,115,958 1/3,12,0,71,170,12,0.953,0,0,0,-,2022,defense
26,한동희,롯데,3루수,117,112,975,19,0,54,177,18,0.924,0,0,0,-,2022,defense
28,정은원,한화,2루수,116,114,981 2/3,17,0,247,272,63,0.968,0,0,0,-,2022,defense
29,최지훈,SSG,중견수,114,106,921 2/3,1,0,241,8,2,0.996,0,0,0,-,2022,defense
29,박동원,KIA,포수,114,98,865,5,2,703,71,8,0.994,5,40,22,35.5,2022,defense
1,박해민,LG,중견수,142,136,1187 2/3,3,0,338,2,1,0.991,0,0,0,-,2023,defense
2,이재현,삼성,유격수,140,135,1156 1/3,20,0,222,341,70,0.966,0,0,0,-,2023,defense
3,정수빈,두산,중견수,135,131,1111,0,0,318,8,2,1.000,0,0,0,-,2023,defense
4,김상수,KT,유격수,129,123,1020 1/3,6,0,176,259,54,0.986,0,0,0,-,2023,defense
5,박성한,SSG,유격수,128,124,1090 1/3,19,0,218,368,90,0.969,0,0,0,-,2023,defense
5,문보경,LG,3루수,128,126,1090 2/3,20,0,104,183,24,0.935,0,0,0,-,2023,defense
5,박동원,LG,포수,128,112,982,8,4,751,72,9,0.990,8,83,19,18.6,2023,defense
5,박찬호,KIA,유격수,128,121,1042 2/3,14,0,206,303,68,0.973,0,0,0,-,2023,defense
9,김주원,NC,유격수,127,122,1030,29,0,177,313,67,0.944,0,0,0,-,2023,defense
10,김혜성,키움,2루수,126,124,1067,15,0,247,374,79,0.976,0,0,0,-,2023,defense
10,허경민,두산,3루수,126,116,997 2/3,5,0,90,155,15,0.980,0,0,0,-,2023,defense
12,오지환,LG,유격수,125,115,1010 2/3,14,0,176,275,64,0.970,0,0,0,-,2023,defense
12,김민석,롯데,중견수,125,107,933 2/3,1,0,243,3,0,0.996,0,0,0,-,2023,defense
14,노시환,한화,3루수,122,121,1065 2/3,19,0,114,228,20,0.947,0,0,0,-,2023,defense
15,김민식,SSG,포수,121,87,786 2/3,1,4,601,62,7,0.998,6,65,18,21.7,2023,defense
16,최재훈,한화,포수,120,106,884 1/3,3,2,704,67,4,0.996,6,60,27,31.0,2023,defense
17,장성우,KT,포수,116,104,886,6,0,719,43,10,0.992,2,76,13,14.6,2023,defense
18,최정,SSG,3루수,114,112,934 1/3,13,0,70,175,24,0.950,0,0,0,-,2023,defense
18,오스틴,LG,1루수,114,113,930 1/3,14,0,832,72,88,0.985,0,0,0,-,2023,defense
18,김선빈,KIA,2루수,114,111,895 1/3,7,0,180,270,74,0.985,0,0,0,-,2023,defense
18,박민우,NC,2루수,114,108,874 2/3,15,0,196,264,56,0.968,0,0,0,-,2023,defense
22,소크라테스,KIA,중견수,113,106,827 1/3,2,0,249,2,0,0.992,0,0,0,-,2023,defense
23,알포드,KT,좌익수,112,108,858,3,0,209,5,1,0.986,0,0,0,-,2023,defense
24,양석환,두산,1루수,111,111,920 2/3,10,0,785,64,69,0.988,0,0,0,-,2023,defense
25,최지훈,SSG,중견수,109,100,871 2/3,3,0,225,3,1,0.987,0,0,0,-,2023,defense
25,유강남,롯데,포수,109,98,821,4,0,714,60,2,0.995,9,71,20,22.0,2023,defense
27,황재균,KT,3루수,107,103,895,11,0,82,162,14,0.957,0,0,0,-,2023,defense
27,노진혁,롯데,유격수,107,95,827,11,0,142,220,50,0.971,0,0,0,-,2023,defense
29,홍창기,LG,우익수,104,97,841 2/3,2,0,198,7,3,0.990,0,0,0,-,2023,defense
29,김현준,삼성,중견수,104,101,872,5,0,301,4,2,0.984,0,0,0,-,2023,defense
1,박해민,LG,중견수,143,128,1127,1,0,283,2,0,0.997,0,0,0,-,2024,defense
2,황재균,KT,3루수,135,127,1085,14,0,83,171,14,0.948,0,0,0,-,2024,defense
2,박성한,SSG,유격수,135,128,1115,23,0,209,332,68,0.959,0,0,0,-,2024,defense
4,김도영,KIA,3루수,134,132,1111,30,0,77,216,26,0.907,0,0,0,-,2024,defense
5,정수빈,두산,중견수,133,131,1114,1,0,313,5,1,0.997,0,0,0,-,2024,defense
6,김주원,NC,유격수,132,115,1023 2/3,18,0,195,287,61,0.964,0,0,0,-,2024,defense
6,박찬호,KIA,유격수,132,129,1120 1/3,23,0,213,328,72,0.959,0,0,0,-,2024,defense
8,양석환,두산,1루수,131,130,1118,10,0,944,84,78,0.990,0,0,0,-,2024,defense
9,문보경,LG,3루수,129,120,975,10,0,89,186,21,0.965,0,0,0,-,2024,defense
10,홍창기,LG,우익수,127,120,1037,10,0,257,7,3,0.964,0,0,0,-,2024,defense
11,노시환,한화,3루수,126,125,1098 1/3,9,0,97,196,26,0.970,0,0,0,-,2024,defense
12,박동원,LG,포수,124,109,944 2/3,4,3,809,77,10,0.996,6,87,29,25.0,2024,defense
12,신민재,LG,2루수,124,113,984,11,0,257,299,77,0.981,0,0,0,-,2024,defense
12,강승호,두산,2루수,124,118,988,12,0,234,286,56,0.977,0,0,0,-,2024,defense
15,최주환,키움,1루수,122,116,1027 2/3,6,0,906,60,94,0.994,0,0,0,-,2024,defense
16,최정,SSG,3루수,121,116,954 2/3,13,0,57,169,17,0.946,0,0,0,-,2024,defense
17,강민호,삼성,포수,120,95,803,2,1,631,53,9,0.997,6,72,22,23.4,2024,defense
18,최지훈,SSG,중견수,119,113,989 2/3,7,0,237,5,2,0.972,0,0,0,-,2024,defense
18,김혜성,키움,2루수,119,118,1015,16,0,258,342,83,0.974,0,0,0,-,2024,defense
20,에레디아,SSG,좌익수,117,115,975,3,0,211,8,2,0.986,0,0,0,-,2024,defense
20,이지영,SSG,포수,117,105,914 2/3,7,1,919,61,9,0.993,2,87,26,23.0,2024,defense
20,김지찬,삼성,중견수,117,103,859,3,0,259,0,0,0.989,0,0,0,-,2024,defense
23,김형준,NC,포수,116,104,870 1/3,12,0,761,59,12,0.986,5,51,31,37.8,2024,defense
24,권희동,NC,좌익수,115,101,834 2/3,2,0,216,11,2,0.991,0,0,0,-,2024,defense
24,김선빈,KIA,2루수,115,112,884,10,0,206,284,66,0.980,0,0,0,-,2024,defense
24,소크라테스,KIA,좌익수,115,86,755 1/3,2,0,168,4,1,0.989,0,0,0,-,2024,defense
24,최재훈,한화,포수,115,95,791 2/3,5,3,746,60,6,0.994,5,58,23,28.4,2024,defense
28,장성우,KT,포수,114,105,856 1/3,2,0,780,56,6,0.998,6,97,17,14.9,2024,defense
29,배정대,KT,중견수,113,110,958,7,0,266,3,1,0.975,0,0,0,-,2024,defense
29,나승엽,롯데,1루수,113,111,937 1/3,11,0,813,67,89,0.988,0,0,0,-,2024,defense
