순위,선수명,팀명,AVG,G,PA,AB,H,2B,3B,HR,RBI,SB,CS,BB,HBP,SO,GDP,E,Season,Category,R,TB,SAC,SF
1,백인천,MBC,0.412,71,298,250,103,23,1,19,64,11,3,42,3,17,5,0,1982,hitter,,,,
2,윤동균,OB,0.342,77,334,284,97,20,5,8,47,9,2,45,1,27,3,2,1982,hitter,,,,
3,장태수,삼성,0.336,66,264,214,72,15,3,3,27,34,14,42,5,33,1,2,1982,hitter,,,,
4,신경식,OB,0.334,78,320,293,98,21,3,4,54,14,8,20,3,17,2,6,1982,hitter,,,,
5,김봉연,해태,0.331,74,304,269,89,14,1,22,52,7,2,28,6,16,8,6,1982,hitter,,,,
6,이종도,MBC,0.324,77,327,287,93,15,1,11,48,21,3,32,4,51,4,4,1982,hitter,,,,
7,이광은,MBC,0.313,63,271,243,76,16,3,5,36,17,6,12,7,16,6,14,1982,hitter,,,,
8,김우열,OB,0.310,62,255,210,65,8,0,13,41,14,4,38,6,25,0,0,1982,hitter,,,,
9,구천서,OB,0.308,77,316,266,82,11,5,3,25,9,5,35,8,32,3,11,1982,hitter,,,,
10,김성한,해태,0.305,80,340,318,97,17,4,13,69,10,5,9,8,55,7,4,1982,hitter,,,,
11,김준환,해태,0.301,80,331,306,92,13,3,19,45,10,5,19,3,23,4,4,1982,hitter,,,,
12,김용철,롯데,0.300,71,300,253,76,13,0,10,39,6,7,41,4,30,6,2,1982,hitter,,,,
13,김종모,해태,0.291,78,286,258,75,12,0,10,43,7,2,17,3,27,7,15,1982,hitter,,,,
14,이만수,삼성,0.289,77,322,270,78,16,1,13,51,6,3,46,4,27,13,5,1982,hitter,,,,
15,김용희,롯데,0.284,63,263,232,66,7,0,11,38,4,1,25,3,19,12,16,1982,hitter,,,,
16,조흥운,삼미,0.284,79,327,299,85,16,4,4,35,44,12,24,0,29,4,11,1982,hitter,,,,
17,오대석,삼성,0.283,72,307,258,73,15,1,4,30,14,1,37,3,34,3,13,1982,hitter,,,,
18,김성관,롯데,0.275,76,304,273,75,15,1,7,40,16,4,18,8,26,8,2,1982,hitter,,,,
19,김정수,롯데,0.274,79,333,277,76,15,2,11,49,15,7,49,2,30,4,2,1982,hitter,,,,
19,정학수,롯데,0.274,77,345,277,76,18,1,2,25,13,10,53,6,26,3,12,1982,hitter,,,,
21,금광옥,삼미,0.270,77,306,263,71,12,3,9,37,2,4,39,1,30,3,11,1982,hitter,,,,
22,김일권,해태,0.270,75,330,282,76,12,1,11,36,53,17,42,3,18,4,8,1982,hitter,,,,
23,김경남,삼미,0.269,77,314,297,80,15,5,3,27,2,1,13,0,36,9,5,1982,hitter,,,,
24,양세종,OB,0.269,76,336,301,81,13,1,7,37,12,13,27,2,17,5,21,1982,hitter,,,,
25,양승관,삼미,0.269,72,269,242,65,6,1,8,40,3,4,20,3,46,5,4,1982,hitter,,,,
26,송영운,MBC,0.262,76,302,263,69,11,1,1,28,15,10,27,1,27,4,6,1982,hitter,,,,
27,함학수,삼성,0.261,74,289,261,68,14,2,7,51,8,2,22,2,34,8,7,1982,hitter,,,,
28,김인식,MBC,0.259,79,355,309,80,9,0,3,26,35,7,17,18,14,7,15,1982,hitter,,,,
29,차영화,해태,0.259,76,323,282,73,9,1,1,12,32,10,31,3,20,3,5,1982,hitter,,,,
30,유지훤,OB,0.252,80,299,274,69,14,2,4,38,12,6,15,2,15,5,25,1982,hitter,,,,
1,장효조,삼성,0.369,93,386,317,117,19,3,18,62,22,2,58,6,39,1,1,1983,hitter,,,,
2,김종모,해태,0.350,86,342,311,109,17,2,11,44,7,10,26,3,26,11,3,1983,hitter,,,,
3,김성한,해태,0.327,93,382,339,111,20,0,7,40,13,7,38,4,38,7,13,1983,hitter,,,,
4,박종훈,OB,0.312,97,427,375,117,19,6,3,24,7,6,38,3,28,3,3,1983,hitter,,,,
5,유두열,롯데,0.307,94,344,293,90,18,0,9,36,7,4,37,7,35,5,2,1983,hitter,,,,
6,양승관,삼미,0.302,85,312,278,84,15,2,9,30,0,2,24,4,36,3,5,1983,hitter,,,,
7,이종도,MBC,0.296,98,391,341,101,25,2,8,62,16,6,35,7,43,3,9,1983,hitter,,,,
8,이만수,삼성,0.294,98,410,357,105,12,0,27,73,0,3,41,8,51,11,9,1983,hitter,,,,
9,이해창,MBC,0.294,100,444,388,114,21,4,8,47,26,14,41,7,33,5,2,1983,hitter,,,,
10,김우열,OB,0.291,95,379,333,97,21,5,9,56,9,4,39,5,38,8,0,1983,hitter,,,,
11,김재박,MBC,0.290,97,433,373,108,22,2,5,46,34,12,42,10,23,7,19,1983,hitter,,,,
12,박용성,롯데,0.287,97,398,349,100,19,1,17,63,6,7,33,8,60,8,5,1983,hitter,,,,
13,김용철,롯데,0.281,97,374,327,92,21,2,14,38,8,2,38,1,47,4,14,1983,hitter,,,,
14,김봉연,해태,0.280,80,329,286,80,10,1,22,59,2,2,42,0,28,3,0,1983,hitter,,,,
15,정학수,롯데,0.279,97,401,351,98,15,2,3,30,9,7,42,1,27,7,17,1983,hitter,,,,
16,이영구,삼미,0.277,100,418,368,102,21,2,5,36,5,8,30,4,19,10,17,1983,hitter,,,,
17,김대진,삼미,0.277,94,363,311,86,11,1,2,23,4,1,30,9,35,3,7,1983,hitter,,,,
18,김일권,해태,0.275,96,419,374,103,13,1,6,26,48,22,35,6,34,7,4,1983,hitter,,,,
19,김용희,롯데,0.275,85,333,298,82,8,1,18,52,5,6,26,3,30,12,11,1983,hitter,,,,
20,윤동균,OB,0.275,97,411,353,97,19,1,10,54,7,6,53,2,33,5,3,1983,hitter,,,,
21,한대화,OB,0.272,88,344,313,85,17,5,5,44,4,1,16,3,43,7,21,1983,hitter,,,,
22,김근석,삼성,0.271,89,320,284,77,12,0,4,28,2,6,15,13,37,5,11,1983,hitter,,,,
23,이광은,MBC,0.271,93,366,329,89,12,4,8,36,17,6,24,8,29,10,15,1983,hitter,,,,
24,신경식,OB,0.268,100,421,377,101,15,1,5,50,9,7,31,7,38,2,1,1983,hitter,,,,
25,김인식,MBC,0.263,100,416,380,100,16,2,1,30,14,10,11,13,18,0,9,1983,hitter,,,,
26,김무종,해태,0.262,93,345,309,81,19,2,12,60,2,5,20,5,35,7,10,1983,hitter,,,,
27,함학수,삼성,0.261,93,315,295,77,10,2,5,32,8,4,12,2,29,5,10,1983,hitter,,,,
28,서정환,해태,0.257,98,358,319,82,11,3,3,34,13,7,27,4,42,10,26,1983,hitter,,,,
29,정구선,삼미,0.256,97,404,356,91,11,0,15,35,1,5,35,4,43,4,11,1983,hitter,,,,
30,김진우,삼미,0.253,99,424,364,92,10,1,15,49,3,1,51,7,45,11,9,1983,hitter,,,,
1,이만수,삼성,0.340,89,342,300,102,17,1,23,80,3,8,26,12,37,10,1,1984,hitter,,,,
2,홍문종,롯데,0.339,100,415,360,122,25,7,11,53,36,20,43,7,36,2,2,1984,hitter,,,,
3,김용철,롯데,0.327,97,396,346,113,24,2,21,67,8,5,39,4,50,6,6,1984,hitter,,,,
4,장효조,삼성,0.324,89,365,309,100,19,7,7,44,8,8,49,5,25,2,1,1984,hitter,,,,
5,김종모,해태,0.316,74,310,272,86,12,1,14,44,2,5,35,0,31,10,2,1984,hitter,,,,
6,박종훈,OB,0.306,100,315,271,83,11,2,7,37,9,5,26,5,18,5,1,1984,hitter,,,,
7,양세종,OB,0.301,92,338,299,90,16,4,6,47,8,6,28,4,27,5,11,1984,hitter,,,,
8,김재박,MBC,0.300,91,392,343,103,11,5,7,37,26,11,36,5,33,6,14,1984,hitter,,,,
9,김근석,삼성,0.299,86,310,281,84,14,0,5,30,3,2,17,4,20,4,10,1984,hitter,,,,
10,정구선,삼미,0.293,97,420,351,103,13,1,12,46,3,2,62,4,39,7,8,1984,hitter,,,,
11,이광은,MBC,0.288,99,414,378,109,19,3,18,68,7,7,28,3,51,6,9,1984,hitter,,,,
12,윤동균,OB,0.287,99,414,349,100,14,4,10,40,14,3,60,1,27,5,1,1984,hitter,,,,
13,함학수,삼성,0.277,100,342,318,88,12,0,9,45,12,1,17,2,38,7,6,1984,hitter,,,,
14,김일환,해태,0.274,96,361,321,88,15,2,0,27,4,6,30,3,39,7,11,1984,hitter,,,,
15,김우열,OB,0.274,95,373,318,87,11,1,12,49,13,5,47,5,48,5,2,1984,hitter,,,,
16,이해창,MBC,0.273,100,426,374,102,16,6,7,36,36,24,45,3,52,2,2,1984,hitter,,,,
17,정영기,롯데,0.271,94,352,321,87,9,1,1,28,5,4,20,4,28,8,16,1984,hitter,,,,
18,김상훈,MBC,0.271,87,310,277,75,15,3,0,31,3,2,27,2,41,6,6,1984,hitter,,,,
19,권두조,삼미,0.267,100,423,363,97,10,2,1,25,3,2,36,3,36,8,13,1984,hitter,,,,
20,김준환,해태,0.267,91,336,307,82,10,0,6,29,5,5,20,3,47,9,4,1984,hitter,,,,
21,김광수,OB,0.265,100,375,325,86,18,2,2,21,23,13,27,7,25,8,11,1984,hitter,,,,
22,김인식,MBC,0.258,100,432,387,100,13,8,3,28,8,7,22,9,24,5,12,1984,hitter,,,,
23,김성한,해태,0.258,99,410,365,94,16,2,12,41,7,5,39,4,59,6,26,1984,hitter,,,,
24,이영구,삼미,0.257,100,429,378,97,23,0,5,37,5,4,40,4,30,16,9,1984,hitter,,,,
25,서정환,해태,0.250,94,364,324,81,11,0,5,27,9,7,30,3,47,5,13,1984,hitter,,,,
26,김봉연,해태,0.249,97,400,341,85,18,0,17,48,3,2,50,4,56,16,0,1984,hitter,,,,
27,김용희,롯데,0.244,81,334,311,76,13,2,9,53,2,1,17,2,38,7,18,1984,hitter,,,,
28,신언호,MBC,0.238,100,382,336,80,13,0,2,29,5,3,28,8,30,8,4,1984,hitter,,,,
29,유두열,롯데,0.229,90,337,292,67,8,3,11,32,9,5,26,8,38,2,4,1984,hitter,,,,
30,김정수,삼미,0.224,89,324,272,61,14,2,4,25,1,6,44,3,43,2,6,1984,hitter,,,,
1,장효조,삼성,0.370,107,422,346,128,23,1,11,65,17,7,57,4,23,6,2,1985,hitter,,,,
2,박종훈,OB,0.342,103,395,348,119,19,4,6,51,17,8,29,4,16,2,3,1985,hitter,,,,
3,김성한,해태,0.333,105,455,400,133,29,1,22,75,8,5,42,3,37,6,7,1985,hitter,,,,
4,허규옥,삼성,0.330,104,344,306,101,14,7,3,22,26,15,25,4,44,3,0,1985,hitter,,,,
5,이만수,삼성,0.322,103,423,357,115,19,2,22,87,7,9,42,14,37,13,7,1985,hitter,,,,
6,김재박,MBC,0.313,100,431,377,118,15,3,3,36,50,17,39,5,29,3,13,1985,hitter,,,,
7,송일섭,해태,0.308,104,390,338,104,15,0,15,41,3,4,43,6,30,7,4,1985,hitter,,,,
8,이순철,해태,0.304,99,411,369,112,18,5,12,50,31,12,33,4,48,6,14,1985,hitter,,,,
9,김준환,해태,0.301,101,373,336,101,20,0,5,38,7,6,27,4,29,10,4,1985,hitter,,,,
10,김상훈,MBC,0.300,98,395,360,108,23,4,5,51,4,4,29,2,42,7,3,1985,hitter,,,,
11,이선웅,청보,0.300,97,378,337,101,20,1,6,53,1,2,25,7,33,13,7,1985,hitter,,,,
12,김우근,청보,0.288,106,460,400,115,21,1,5,31,31,14,49,1,41,13,4,1985,hitter,,,,
13,유두열,롯데,0.287,104,425,356,102,23,4,13,50,15,6,45,14,38,10,9,1985,hitter,,,,
14,김성래,삼성,0.283,103,359,300,85,16,0,13,51,5,3,41,13,39,8,10,1985,hitter,,,,
15,신경식,OB,0.280,110,457,404,113,23,4,8,58,16,3,40,6,44,5,11,1985,hitter,,,,
16,이광은,MBC,0.279,87,358,326,91,11,3,6,39,20,8,24,4,42,7,4,1985,hitter,,,,
17,김일권,해태,0.278,92,361,316,88,12,4,4,38,39,19,33,3,23,4,3,1985,hitter,,,,
18,김용희,롯데,0.277,101,404,361,100,18,2,14,47,2,2,37,2,33,3,5,1985,hitter,,,,
19,서정환,해태,0.275,104,422,371,102,13,0,3,21,17,12,38,2,40,4,18,1985,hitter,,,,
20,김인식,MBC,0.275,110,455,404,111,14,0,2,16,17,11,30,8,22,8,17,1985,hitter,,,,
21,이해창,삼성,0.270,109,413,352,95,12,3,7,43,14,11,49,5,48,5,0,1985,hitter,,,,
22,정구선,청보,0.261,110,468,387,101,14,0,14,53,2,5,69,7,30,11,4,1985,hitter,,,,
23,홍문종,롯데,0.260,108,445,393,102,23,2,11,58,16,12,42,0,36,3,4,1985,hitter,,,,
24,김광수,OB,0.255,105,455,384,98,17,0,9,40,13,12,44,7,40,10,4,1985,hitter,,,,
25,김봉연,해태,0.253,91,363,316,80,9,1,17,47,7,5,43,3,26,6,1,1985,hitter,,,,
26,김용국,삼성,0.239,99,352,306,73,14,1,7,37,3,4,34,2,42,10,9,1985,hitter,,,,
27,권두조,청보,0.237,110,346,299,71,12,2,0,19,8,4,30,6,30,9,25,1985,hitter,,,,
28,신언호,MBC,0.226,107,398,371,84,11,0,1,28,6,6,16,2,36,7,4,1985,hitter,,,,
29,김용철,롯데,0.223,106,417,367,82,16,1,7,36,7,4,36,1,45,10,5,1985,hitter,,,,
30,한영준,롯데,0.219,109,406,329,72,9,1,5,27,7,11,42,11,50,11,14,1985,hitter,,,,
1,장효조,삼성,0.329,96,367,304,100,20,2,6,41,16,7,59,1,30,6,3,1986,hitter,,,,
2,김종모,해태,0.313,104,427,383,120,19,2,11,61,6,5,42,0,37,14,0,1986,hitter,,,,
3,이광은,MBC,0.304,107,467,408,124,21,3,15,60,20,8,48,5,53,3,3,1986,hitter,,,,
4,김봉연,해태,0.300,108,453,407,122,18,3,21,67,3,5,38,4,30,9,0,1986,hitter,,,,
5,한대화,해태,0.298,103,394,342,102,24,2,14,66,8,7,40,2,40,13,14,1986,hitter,,,,
6,이강돈,빙그레,0.297,104,395,347,103,14,6,10,36,11,11,41,0,55,7,5,1986,hitter,,,,
7,김상훈,MBC,0.295,92,402,366,108,13,8,2,42,3,1,27,4,54,5,7,1986,hitter,,,,
8,이종두,삼성,0.294,104,360,323,95,10,3,9,42,12,7,20,6,59,7,8,1986,hitter,,,,
9,허규옥,삼성,0.293,99,419,376,110,17,5,4,33,27,19,27,4,56,3,6,1986,hitter,,,,
10,김성래,삼성,0.288,102,391,344,99,22,1,8,48,3,1,34,7,42,7,8,1986,hitter,,,,
11,김용철,롯데,0.288,102,409,365,105,26,1,10,57,13,7,35,4,39,18,16,1986,hitter,,,,
12,김형석,OB,0.286,107,405,364,104,8,5,8,47,8,8,25,3,51,8,3,1986,hitter,,,,
12,김진우,청보,0.286,91,353,301,86,19,4,8,41,9,6,38,7,44,13,7,1986,hitter,,,,
14,김인식,MBC,0.282,108,343,309,87,13,1,2,29,12,5,17,6,15,6,7,1986,hitter,,,,
15,김성한,해태,0.280,104,449,404,113,16,0,18,57,10,10,32,6,45,8,9,1986,hitter,,,,
16,윤덕규,MBC,0.280,107,399,354,99,21,3,3,45,3,3,29,5,27,7,0,1986,hitter,,,,
17,유고웅,MBC,0.275,101,399,349,96,11,2,5,39,12,7,33,3,27,5,17,1986,hitter,,,,
18,홍문종,롯데,0.274,103,439,387,106,20,3,3,29,39,17,46,0,44,3,3,1986,hitter,,,,
19,신경식,OB,0.271,106,427,380,103,15,5,1,34,6,8,34,3,27,9,4,1986,hitter,,,,
20,정학수,롯데,0.271,99,352,299,81,11,2,1,26,5,2,39,1,33,4,5,1986,hitter,,,,
21,유지훤,OB,0.270,100,367,330,89,8,2,2,37,8,2,17,8,27,6,31,1986,hitter,,,,
22,윤동균,OB,0.267,102,392,345,92,14,4,2,37,5,5,46,0,36,6,1,1986,hitter,,,,
23,김재박,MBC,0.264,102,447,386,102,18,4,4,43,38,14,36,7,36,5,12,1986,hitter,,,,
24,정구선,청보,0.262,108,443,389,102,15,1,13,42,3,1,40,4,41,5,12,1986,hitter,,,,
25,우경하,청보,0.262,100,337,309,81,11,0,5,18,3,5,20,5,39,4,3,1986,hitter,,,,
26,박종훈,OB,0.259,92,372,320,83,11,2,6,28,12,8,35,5,20,2,2,1986,hitter,,,,
27,이순철,해태,0.257,88,358,319,82,14,3,14,40,19,8,28,5,45,11,10,1986,hitter,,,,
28,서정환,해태,0.256,108,432,375,96,12,1,3,24,43,23,38,7,49,2,21,1986,hitter,,,,
29,박흥식,MBC,0.255,98,430,377,96,14,2,0,40,8,8,30,10,32,6,5,1986,hitter,,,,
30,조성옥,롯데,0.253,105,337,293,74,7,5,0,15,2,7,23,0,17,2,4,1986,hitter,,,,
1,장효조,삼성,0.387,88,335,284,110,16,4,2,58,7,4,41,3,26,1,2,1987,hitter,,,,
2,이만수,삼성,0.344,85,357,299,103,14,1,18,76,6,2,47,4,23,16,3,1987,hitter,,,,
3,이정훈,빙그레,0.335,100,441,370,124,13,7,4,34,20,13,35,10,25,1,6,1987,hitter,,,,
4,김성래,삼성,0.332,99,385,334,111,11,1,22,70,2,5,45,3,38,8,10,1987,hitter,,,,
5,김종모,해태,0.331,88,360,332,110,13,1,9,41,2,4,22,3,25,14,0,1987,hitter,,,,
6,김광림,OB,0.327,102,398,342,112,9,7,2,17,13,8,42,2,24,2,3,1987,hitter,,,,
7,허규옥,삼성,0.326,94,345,319,104,17,7,3,39,25,5,21,2,45,4,8,1987,hitter,,,,
8,고원부,빙그레,0.324,104,446,380,123,14,1,7,52,14,7,53,2,21,11,3,1987,hitter,,,,
9,김형석,OB,0.316,81,337,301,95,16,5,3,45,7,5,26,2,38,10,5,1987,hitter,,,,
10,김용철,롯데,0.314,103,428,382,120,32,2,7,59,11,8,42,3,33,12,1,1987,hitter,,,,
11,김성한,해태,0.314,81,342,306,96,22,0,15,46,3,1,30,3,29,5,15,1987,hitter,,,,
12,유승안,빙그레,0.308,97,360,328,101,15,1,12,58,1,6,23,1,36,17,4,1987,hitter,,,,
13,한영준,롯데,0.301,92,416,356,107,15,3,6,36,14,5,38,6,38,7,7,1987,hitter,,,,
14,박흥식,MBC,0.300,101,418,347,104,8,9,2,36,15,5,46,8,28,8,2,1987,hitter,,,,
15,이광은,MBC,0.298,108,463,410,122,21,2,14,74,8,7,35,10,40,14,4,1987,hitter,,,,
16,류중일,삼성,0.287,104,401,352,101,17,2,2,28,8,4,39,3,34,8,13,1987,hitter,,,,
17,홍문종,롯데,0.287,108,466,415,119,19,4,7,49,25,9,40,5,26,5,3,1987,hitter,,,,
18,김재박,MBC,0.283,100,448,399,113,23,5,1,24,33,18,39,5,26,7,21,1987,hitter,,,,
19,김상훈,MBC,0.278,108,436,399,111,17,4,10,57,4,1,31,3,44,9,4,1987,hitter,,,,
20,서정환,해태,0.278,102,383,335,93,12,3,3,28,19,11,33,9,16,8,12,1987,hitter,,,,
21,김동기,청보,0.277,105,414,350,97,21,0,9,48,3,5,51,4,55,7,6,1987,hitter,,,,
22,홍승규,삼성,0.276,100,357,322,89,13,3,7,26,13,10,28,3,40,2,0,1987,hitter,,,,
23,윤동균,OB,0.276,93,334,294,81,17,1,0,48,0,1,34,2,33,10,0,1987,hitter,,,,
24,김봉연,해태,0.271,98,380,339,92,11,2,6,39,1,2,27,4,23,13,0,1987,hitter,,,,
25,이종두,삼성,0.270,99,336,304,82,8,1,10,38,14,2,22,4,44,11,5,1987,hitter,,,,
26,신경식,OB,0.269,102,378,349,94,8,6,3,39,5,2,23,3,20,4,7,1987,hitter,,,,
27,윤덕규,MBC,0.269,103,389,357,96,11,4,2,34,5,6,21,2,26,5,0,1987,hitter,,,,
28,이강돈,빙그레,0.268,106,407,369,99,13,4,3,42,4,15,24,5,56,6,7,1987,hitter,,,,
29,김민호,롯데,0.264,104,397,337,89,15,2,4,50,9,2,50,2,36,7,8,1987,hitter,,,,
30,정구선,롯데,0.254,99,397,331,84,14,2,9,42,4,2,53,4,33,8,6,1987,hitter,,,,
1,김상훈,MBC,0.354,87,341,305,108,15,4,8,52,2,3,32,4,20,7,4,1988,hitter,,,,
2,김성래,삼성,0.350,96,386,314,110,19,2,10,54,7,4,58,7,43,6,8,1988,hitter,,,,
3,김성한,해태,0.324,104,457,404,131,12,0,30,89,16,5,31,11,52,4,12,1988,hitter,,,,
4,서정환,해태,0.323,95,336,297,96,11,1,0,29,22,8,26,4,27,6,14,1988,hitter,,,,
5,김민호,롯데,0.323,101,417,356,115,17,0,14,64,6,2,55,2,41,4,9,1988,hitter,,,,
6,이만수,삼성,0.323,86,334,285,92,13,0,18,58,6,3,41,7,22,8,2,1988,hitter,,,,
7,한대화,해태,0.320,101,415,356,114,18,1,18,57,6,4,46,5,35,8,6,1988,hitter,,,,
8,장효조,삼성,0.314,96,334,283,89,12,2,4,35,5,5,49,2,27,2,0,1988,hitter,,,,
9,이강돈,빙그레,0.313,103,418,377,118,26,3,4,56,8,6,27,0,50,5,5,1988,hitter,,,,
10,이순철,해태,0.313,108,477,406,127,26,2,13,52,58,20,52,12,37,7,1,1988,hitter,,,,
11,김광림,OB,0.312,101,355,311,97,21,4,2,28,8,8,30,1,31,3,2,1988,hitter,,,,
12,이정훈,빙그레,0.309,96,414,366,113,20,3,4,34,18,9,37,4,26,4,1,1988,hitter,,,,
13,이선웅,태평양,0.308,99,343,295,91,12,0,1,41,5,5,35,1,15,16,13,1988,hitter,,,,
14,윤덕규,MBC,0.304,101,405,352,107,13,5,1,43,10,5,39,2,36,11,3,1988,hitter,,,,
15,김일권,태평양,0.301,89,343,309,93,11,5,3,34,26,14,16,3,8,9,1,1988,hitter,,,,
16,박흥식,MBC,0.301,80,356,316,95,12,4,4,34,14,5,28,5,23,1,3,1988,hitter,,,,
17,김종모,해태,0.300,105,393,353,106,8,2,4,35,1,1,29,0,17,11,4,1988,hitter,,,,
18,김준환,해태,0.293,100,357,314,92,11,1,11,48,3,3,28,2,41,14,0,1988,hitter,,,,
19,이종두,삼성,0.292,93,348,308,90,17,3,9,42,15,3,34,2,40,5,3,1988,hitter,,,,
20,김용철,롯데,0.292,102,422,380,111,21,2,18,69,15,4,34,4,26,13,1,1988,hitter,,,,
21,신경식,OB,0.288,107,408,378,109,12,3,4,38,12,2,25,1,18,3,6,1988,hitter,,,,
22,김용국,삼성,0.285,101,378,333,95,11,1,3,42,8,7,32,3,30,10,15,1988,hitter,,,,
23,강정길,빙그레,0.284,98,342,299,85,16,1,4,32,7,3,26,10,26,11,6,1988,hitter,,,,
24,유두열,롯데,0.281,99,374,331,93,9,2,7,38,9,7,31,4,22,8,6,1988,hitter,,,,
25,홍문종,롯데,0.279,87,359,319,89,13,3,4,25,22,11,36,1,18,4,2,1988,hitter,,,,
26,고원부,빙그레,0.277,98,368,321,89,13,1,9,50,10,1,29,6,17,14,2,1988,hitter,,,,
27,김재박,MBC,0.267,99,447,409,109,18,1,2,26,25,12,28,1,23,3,13,1988,hitter,,,,
28,장태수,삼성,0.266,92,344,290,77,7,4,8,33,25,7,38,6,33,4,2,1988,hitter,,,,
29,유승안,빙그레,0.263,103,350,297,78,14,2,15,55,3,2,46,0,49,11,5,1988,hitter,,,,
30,김광수,OB,0.262,108,467,397,104,20,1,6,40,26,4,48,3,33,13,7,1988,hitter,,,,
1,고원부,빙그레,0.327,109,395,342,112,16,2,6,45,5,8,45,2,32,11,7,1989,hitter,,,,
2,강기웅,삼성,0.322,95,385,351,113,12,4,1,33,26,6,17,3,34,2,6,1989,hitter,,,,
3,박철우,해태,0.318,112,377,340,108,15,1,13,59,0,2,27,8,41,12,0,1989,hitter,,,,
4,김용철,삼성,0.304,103,382,342,104,18,0,11,64,3,5,32,2,38,10,9,1989,hitter,,,,
5,장효조,롯데,0.303,94,393,333,101,8,3,1,31,12,15,56,3,30,2,2,1989,hitter,,,,
6,윤덕규,MBC,0.300,102,372,317,95,12,5,1,34,12,10,42,4,44,5,2,1989,hitter,,,,
7,박노준,OB,0.297,107,383,327,97,12,2,0,26,25,14,30,9,32,3,4,1989,hitter,,,,
8,이강돈,빙그레,0.295,120,507,464,137,24,4,9,66,12,10,35,0,73,6,7,1989,hitter,,,,
9,김민호,롯데,0.291,116,429,357,104,24,2,4,49,3,3,66,1,42,5,8,1989,hitter,,,,
10,김용국,삼성,0.288,98,373,333,96,15,1,9,44,8,2,30,3,28,12,18,1989,hitter,,,,
11,노찬엽,MBC,0.287,102,422,352,101,18,6,1,56,13,10,53,1,14,14,2,1989,hitter,,,,
12,김형석,OB,0.286,117,468,423,121,22,2,10,57,5,4,41,1,54,8,2,1989,hitter,,,,
13,김재박,MBC,0.286,101,425,357,102,8,2,3,27,39,14,53,4,33,6,11,1989,hitter,,,,
14,강정길,빙그레,0.284,119,384,341,97,17,3,4,48,4,3,31,6,27,10,9,1989,hitter,,,,
15,이만수,삼성,0.284,110,413,359,102,11,0,20,64,4,5,42,10,48,12,5,1989,hitter,,,,
16,허규옥,롯데,0.282,96,372,330,93,13,4,3,28,14,4,36,0,58,6,1,1989,hitter,,,,
17,유승안,빙그레,0.281,115,429,370,104,15,0,21,85,0,4,50,1,71,6,8,1989,hitter,,,,
18,김상훈,MBC,0.280,103,421,371,104,15,2,5,57,11,5,38,2,19,13,5,1989,hitter,,,,
19,김성한,해태,0.280,118,513,414,116,18,0,26,84,32,8,84,9,62,7,6,1989,hitter,,,,
20,한대화,해태,0.279,106,443,358,100,14,3,13,63,15,9,81,0,42,7,13,1989,hitter,,,,
21,신경식,OB,0.275,118,479,422,116,25,6,8,57,25,8,32,11,36,5,8,1989,hitter,,,,
22,조양근,빙그레,0.273,119,374,333,91,14,2,1,31,20,6,20,3,35,6,10,1989,hitter,,,,
22,이종두,삼성,0.273,110,382,333,91,16,3,10,52,26,12,33,5,49,5,4,1989,hitter,,,,
24,이광길,태평양,0.270,120,458,370,100,17,3,0,38,17,8,62,4,52,8,18,1989,hitter,,,,
25,백인수,해태,0.266,103,437,379,101,17,1,3,26,11,17,45,5,25,8,21,1989,hitter,,,,
26,김일권,태평양,0.261,113,437,383,100,23,1,1,28,62,22,36,1,19,8,2,1989,hitter,,,,
27,김상호,MBC,0.257,109,425,362,93,9,4,13,56,21,10,50,5,87,3,23,1989,hitter,,,,
28,한영준,롯데,0.252,120,516,440,111,23,4,10,59,15,9,58,5,50,12,14,1989,hitter,,,,
29,김동기,태평양,0.251,120,489,399,100,25,1,11,59,7,9,77,7,86,8,8,1989,hitter,,,,
30,류중일,삼성,0.246,113,380,329,81,15,3,5,38,14,3,31,2,56,4,18,1989,hitter,,,,
1,한대화,해태,0.335,119,500,418,140,20,3,15,86,10,5,76,0,53,10,19,1990,hitter,,,,
2,이강돈,빙그레,0.335,117,496,436,146,20,6,16,84,12,10,45,6,78,10,11,1990,hitter,,,,
3,노찬엽,LG,0.333,105,380,327,109,11,6,5,51,8,12,41,2,25,9,0,1990,hitter,,,,
4,김상훈,LG,0.322,100,409,360,116,23,3,6,58,7,4,36,6,32,14,4,1990,hitter,,,,
5,류중일,삼성,0.311,120,503,425,132,22,5,6,45,23,8,50,10,55,6,12,1990,hitter,,,,
6,박승호,삼성,0.307,110,456,398,122,17,1,20,75,3,1,50,3,45,12,0,1990,hitter,,,,
7,이호성,해태,0.304,99,372,313,95,16,6,7,48,16,10,41,8,49,4,5,1990,hitter,,,,
8,백인수,해태,0.297,94,402,337,100,13,3,8,34,9,8,53,7,49,7,11,1990,hitter,,,,
9,김응국,롯데,0.292,108,433,377,110,20,4,7,47,21,13,47,2,41,9,8,1990,hitter,,,,
10,이정훈,빙그레,0.291,114,459,402,117,21,3,7,52,22,6,45,2,26,5,2,1990,hitter,,,,
11,김동수,LG,0.290,110,416,352,102,20,1,13,62,15,10,45,10,40,6,4,1990,hitter,,,,
12,장종훈,빙그레,0.290,120,496,411,119,15,3,28,91,8,7,69,11,85,3,15,1990,hitter,,,,
13,이만수,삼성,0.287,110,421,359,103,13,0,26,57,3,4,54,5,37,16,6,1990,hitter,,,,
14,김상국,빙그레,0.287,116,372,314,90,9,3,10,46,11,4,47,4,37,12,10,1990,hitter,,,,
15,김종모,해태,0.286,117,442,381,109,20,1,10,64,0,2,43,3,45,11,3,1990,hitter,,,,
16,이광은,LG,0.286,102,393,336,96,13,2,8,44,11,2,43,8,30,8,7,1990,hitter,,,,
17,김경기,태평양,0.285,120,476,414,118,29,1,10,68,7,5,50,6,37,17,7,1990,hitter,,,,
18,박철우,해태,0.284,114,419,363,103,21,1,10,45,0,1,45,8,46,12,2,1990,hitter,,,,
19,김성한,해태,0.281,89,385,331,93,17,2,11,49,14,4,39,6,53,4,6,1990,hitter,,,,
20,강석천,빙그레,0.281,113,429,356,100,24,1,12,49,16,6,47,4,72,3,17,1990,hitter,,,,
21,김형석,OB,0.280,120,483,429,120,18,3,12,61,5,5,43,1,54,9,3,1990,hitter,,,,
22,윤덕규,LG,0.279,116,426,369,103,16,8,6,44,6,5,49,3,28,4,3,1990,hitter,,,,
23,김상호,OB,0.275,114,466,400,110,18,1,14,52,12,6,54,7,68,9,6,1990,hitter,,,,
24,강기웅,삼성,0.271,108,438,391,106,16,3,15,58,24,8,33,3,34,12,5,1990,hitter,,,,
25,김광수,OB,0.266,112,444,380,101,11,1,4,30,14,12,48,2,30,7,7,1990,hitter,,,,
26,최계영,롯데,0.263,99,383,323,85,12,7,1,21,12,7,40,3,29,4,3,1990,hitter,,,,
27,윤재호,해태,0.260,114,380,323,84,12,2,2,33,13,6,31,4,40,10,25,1990,hitter,,,,
28,이선웅,태평양,0.260,120,474,423,110,14,0,1,47,4,4,36,7,47,16,9,1990,hitter,,,,
29,신경식,OB,0.255,117,428,385,98,21,2,5,42,14,7,33,3,30,6,7,1990,hitter,,,,
30,김일권,태평양,0.253,98,376,336,85,9,1,0,27,48,20,32,1,21,7,4,1990,hitter,,,,
1,이정훈,빙그레,0.348,111,433,379,132,21,12,17,55,18,6,43,4,33,6,2,1991,hitter,,,,
2,장효조,롯데,0.347,122,424,346,120,17,10,4,54,12,7,70,0,31,4,0,1991,hitter,,,,
3,장종훈,빙그레,0.345,126,558,464,160,24,4,35,114,21,11,76,15,88,12,3,1991,hitter,,,,
4,조용호,쌍방울,0.318,112,406,343,109,13,3,3,32,11,16,40,13,49,3,1,1991,hitter,,,,
5,이만수,삼성,0.317,119,446,378,120,18,0,17,74,6,2,56,8,27,7,5,1991,hitter,,,,
6,노찬엽,LG,0.317,115,476,417,132,22,8,3,58,12,11,48,4,28,4,0,1991,hitter,,,,
7,신경식,삼성,0.309,126,527,460,142,15,3,7,56,20,15,49,7,34,13,3,1991,hitter,,,,
8,윤덕규,LG,0.308,105,437,383,118,18,7,1,45,3,12,48,1,36,6,5,1991,hitter,,,,
9,김광림,OB,0.307,108,413,361,111,19,6,3,36,20,6,37,1,46,3,1,1991,hitter,,,,
10,김민호,롯데,0.303,111,419,363,110,23,5,20,68,1,1,51,1,39,7,5,1991,hitter,,,,
11,한대화,해태,0.301,92,398,336,101,17,3,22,73,8,8,53,2,45,10,16,1991,hitter,,,,
12,김응국,롯데,0.300,121,504,436,131,17,9,9,50,25,9,61,3,47,5,4,1991,hitter,,,,
13,김용국,삼성,0.295,126,468,403,119,21,1,7,58,4,10,54,2,49,8,20,1991,hitter,,,,
14,김성한,해태,0.294,112,482,411,121,25,5,23,83,16,9,51,15,70,7,8,1991,hitter,,,,
15,박노준,OB,0.293,120,470,430,126,17,4,5,39,18,12,28,6,40,1,1,1991,hitter,,,,
16,김경기,태평양,0.291,109,431,392,114,25,4,8,59,5,6,30,3,39,7,7,1991,hitter,,,,
17,이호성,해태,0.288,121,520,434,125,12,7,21,84,25,7,67,12,65,6,3,1991,hitter,,,,
18,김형석,OB,0.288,126,531,473,136,19,9,11,71,3,4,50,2,49,11,7,1991,hitter,,,,
19,원원근,태평양,0.286,115,431,367,105,27,1,3,38,9,7,52,1,36,6,18,1991,hitter,,,,
20,박정태,롯데,0.285,122,528,463,132,29,6,14,75,3,5,43,5,36,17,12,1991,hitter,,,,
21,류중일,삼성,0.285,90,393,344,98,14,4,5,45,19,7,34,4,54,10,15,1991,hitter,,,,
22,박철우,해태,0.282,125,483,422,119,24,2,14,80,0,1,50,10,55,7,0,1991,hitter,,,,
23,윤혁,쌍방울,0.279,116,413,358,100,21,2,1,29,7,3,41,5,41,10,4,1991,hitter,,,,
24,이순철,해태,0.276,115,513,434,120,21,3,17,50,56,18,55,14,67,3,4,1991,hitter,,,,
25,강석천,빙그레,0.275,126,523,465,128,21,4,11,56,17,10,40,9,53,11,25,1991,hitter,,,,
26,이강돈,빙그레,0.265,114,437,385,102,15,5,11,56,7,3,41,1,70,4,5,1991,hitter,,,,
27,전준호,롯데,0.263,122,451,372,98,13,6,2,48,18,12,51,9,38,1,2,1991,hitter,,,,
28,김기태,쌍방울,0.262,124,508,427,112,16,0,27,92,7,4,72,4,93,9,1,1991,hitter,,,,
29,김상훈,LG,0.255,101,396,361,92,17,2,7,41,2,1,28,5,34,17,4,1991,hitter,,,,
30,장채근,해태,0.235,114,401,345,81,11,0,17,48,0,2,44,2,59,16,2,1991,hitter,,,,
1,이정훈,빙그레,0.360,111,437,369,133,17,2,25,68,21,3,46,10,27,6,2,1992,hitter,,,,
2,박정태,롯데,0.335,124,529,445,149,43,3,14,79,7,7,69,5,42,12,7,1992,hitter,,,,
3,홍현우,해태,0.333,126,520,420,140,25,3,17,97,6,7,82,7,82,8,14,1992,hitter,,,,
4,김민호,롯데,0.322,118,495,413,133,28,4,16,88,5,3,68,6,76,10,7,1992,hitter,,,,
5,이강돈,빙그레,0.320,121,454,403,129,27,8,13,60,7,9,41,1,63,6,10,1992,hitter,,,,
6,김응국,롯데,0.319,119,486,401,128,20,12,10,79,29,8,58,5,50,6,3,1992,hitter,,,,
7,동봉철,삼성,0.317,126,511,410,130,18,7,11,52,24,17,72,13,63,5,3,1992,hitter,,,,
8,이종운,롯데,0.314,108,444,401,126,15,14,3,57,21,8,23,3,47,7,1,1992,hitter,,,,
9,이순철,해태,0.309,122,566,492,152,22,3,21,76,44,16,60,7,63,14,7,1992,hitter,,,,
10,송구홍,LG,0.304,121,493,451,137,23,2,20,59,20,4,24,7,33,13,23,1992,hitter,,,,
11,강기웅,삼성,0.304,126,455,405,123,18,3,16,56,13,4,29,7,35,8,12,1992,hitter,,,,
12,김기태,쌍방울,0.302,123,525,398,120,28,3,31,96,5,7,114,8,84,11,0,1992,hitter,,,,
13,전준호,롯데,0.300,120,537,466,140,17,9,5,49,33,6,51,7,49,4,6,1992,hitter,,,,
14,윤덕규,태평양,0.300,116,437,390,117,24,3,8,52,6,4,40,2,67,11,5,1992,hitter,,,,
14,김상호,OB,0.300,102,416,370,111,26,4,12,49,16,7,42,4,52,4,6,1992,hitter,,,,
16,장종훈,빙그레,0.299,125,556,431,129,28,2,41,119,14,5,106,13,99,5,3,1992,hitter,,,,
17,김동기,태평양,0.294,107,391,333,98,15,2,15,58,2,1,46,7,59,13,8,1992,hitter,,,,
18,김상훈,LG,0.292,126,529,472,138,21,1,14,77,9,2,46,2,60,13,5,1992,hitter,,,,
19,임형석,OB,0.290,112,460,410,119,18,4,26,73,3,8,38,3,62,9,16,1992,hitter,,,,
20,여태구,태평양,0.290,114,417,345,100,19,3,9,44,13,5,49,3,46,2,3,1992,hitter,,,,
21,김광림,OB,0.286,120,428,384,110,16,3,1,32,13,6,30,3,38,2,3,1992,hitter,,,,
22,김형석,OB,0.281,126,518,459,129,27,5,16,71,3,5,53,2,55,15,7,1992,hitter,,,,
23,이호성,해태,0.278,110,451,374,104,16,3,14,52,25,1,70,3,75,13,3,1992,hitter,,,,
24,노찬엽,LG,0.272,109,465,405,110,21,2,6,50,6,5,50,3,51,11,2,1992,hitter,,,,
25,박철우,해태,0.271,116,409,362,98,21,0,9,67,1,0,39,4,44,14,3,1992,hitter,,,,
26,이건열,해태,0.270,111,399,352,95,12,0,4,42,11,5,33,6,63,9,2,1992,hitter,,,,
27,한대화,해태,0.268,110,436,362,97,16,1,20,74,8,8,66,1,53,10,13,1992,hitter,,,,
28,신경식,삼성,0.267,117,469,423,113,15,2,3,41,17,9,37,3,33,8,2,1992,hitter,,,,
29,장채근,해태,0.264,112,396,326,86,14,0,23,62,1,0,60,6,67,11,6,1992,hitter,,,,
30,강정길,빙그레,0.263,119,428,357,94,15,1,14,63,0,5,58,5,47,13,1,1992,hitter,,,,
1,양준혁,삼성,0.341,106,456,381,130,27,1,23,90,4,9,61,8,40,7,8,1993,hitter,,,,
2,강기웅,삼성,0.325,102,420,379,123,15,2,16,75,20,9,26,2,24,8,6,1993,hitter,,,,
3,송구홍,LG,0.307,105,433,387,119,21,2,4,49,19,6,32,8,30,12,22,1993,hitter,,,,
4,김형석,OB,0.306,126,529,480,147,23,4,10,62,2,4,46,0,61,12,11,1993,hitter,,,,
5,김성래,삼성,0.300,124,521,436,131,18,2,28,91,2,1,69,5,72,17,5,1993,hitter,,,,
6,김광림,OB,0.300,117,492,430,129,18,3,3,32,13,8,40,2,34,3,2,1993,hitter,,,,
6,윤덕규,태평양,0.300,102,396,360,108,14,4,1,31,9,3,30,2,54,12,3,1993,hitter,,,,
8,장종훈,빙그레,0.295,97,412,339,100,21,0,17,58,12,2,58,9,68,4,4,1993,hitter,,,,
9,김상훈,LG,0.285,126,505,460,131,28,0,12,71,3,1,37,6,52,12,10,1993,hitter,,,,
10,김응국,롯데,0.285,108,420,369,105,26,3,3,48,12,8,37,3,44,7,3,1993,hitter,,,,
11,이명수,OB,0.283,119,494,417,118,20,8,4,56,6,3,54,3,43,9,11,1993,hitter,,,,
12,김종헌,롯데,0.283,118,415,357,101,18,3,0,25,24,9,36,8,65,7,1,1993,hitter,,,,
13,전준호,롯데,0.282,120,465,393,111,3,7,1,31,75,25,47,5,31,2,2,1993,hitter,,,,
14,류중일,삼성,0.281,107,444,377,106,13,1,8,45,6,4,57,3,44,9,8,1993,hitter,,,,
15,이종범,해태,0.280,126,525,475,133,16,4,16,53,73,19,32,6,35,11,25,1993,hitter,,,,
16,신경식,쌍방울,0.275,119,461,418,115,18,2,5,49,12,7,33,6,32,8,5,1993,hitter,,,,
17,김동수,LG,0.274,115,427,372,102,16,3,16,56,7,0,41,6,40,11,4,1993,hitter,,,,
18,김성한,해태,0.273,107,403,362,99,23,0,6,52,4,2,27,6,59,12,5,1993,hitter,,,,
19,박준태,LG,0.267,124,478,401,107,29,5,8,39,28,13,53,4,69,7,4,1993,hitter,,,,
20,한대화,해태,0.266,107,394,335,89,13,1,13,46,4,5,50,3,46,10,21,1993,hitter,,,,
21,김상호,OB,0.264,122,495,440,116,17,1,11,56,19,8,38,9,63,11,2,1993,hitter,,,,
22,박계원,롯데,0.263,126,461,410,108,15,2,3,43,17,10,28,7,53,6,15,1993,hitter,,,,
23,최태원,쌍방울,0.263,111,431,377,99,12,2,1,23,13,7,36,10,48,4,14,1993,hitter,,,,
24,홍현우,해태,0.262,123,527,446,117,21,1,13,61,10,4,64,4,70,12,19,1993,hitter,,,,
25,정영규,삼성,0.257,122,425,381,98,12,2,11,41,3,6,28,12,61,8,4,1993,hitter,,,,
26,이순철,해태,0.253,102,430,367,93,12,3,11,44,29,8,46,5,54,9,3,1993,hitter,,,,
27,이종운,롯데,0.253,123,440,392,99,9,7,2,42,16,7,29,5,51,6,1,1993,hitter,,,,
28,이종두,삼성,0.249,106,413,354,88,18,2,14,51,4,4,43,6,59,9,2,1993,hitter,,,,
29,공필성,롯데,0.240,124,428,379,91,23,3,1,38,6,3,27,6,64,7,15,1993,hitter,,,,
30,김기태,쌍방울,0.240,96,395,317,76,17,2,9,43,11,5,73,1,57,7,0,1993,hitter,,,,
1,이종범,해태,0.393,124,561,499,196,27,5,19,77,84,15,51,6,31,2,27,1994,hitter,,,,
2,김응국,롯데,0.323,100,407,350,113,24,4,8,55,20,11,45,3,45,7,3,1994,hitter,,,,
3,윤덕규,태평양,0.321,100,407,368,118,27,3,11,51,8,1,34,2,57,9,1,1994,hitter,,,,
4,서용빈,LG,0.318,126,543,493,157,30,4,4,72,6,2,39,5,62,9,4,1994,hitter,,,,
5,김기태,쌍방울,0.316,108,454,376,119,20,4,25,79,9,10,74,2,70,10,0,1994,hitter,,,,
6,류지현,LG,0.305,126,574,482,147,20,0,15,51,51,10,64,8,60,4,24,1994,hitter,,,,
7,박노준,쌍방울,0.303,108,391,340,103,15,1,3,36,42,15,32,7,25,2,3,1994,hitter,,,,
8,양준혁,삼성,0.300,123,496,427,128,21,1,19,87,15,4,63,0,42,7,2,1994,hitter,,,,
9,한대화,LG,0.297,106,414,357,106,15,1,10,67,3,1,48,5,48,11,8,1994,hitter,,,,
10,김민호,롯데,0.296,117,493,439,130,34,2,15,78,21,3,44,3,84,10,2,1994,hitter,,,,
11,김재현,LG,0.289,125,535,463,134,26,3,21,80,21,4,55,12,86,7,5,1994,hitter,,,,
12,김종석,OB,0.282,104,411,369,104,24,2,5,64,6,3,30,4,33,11,2,1994,hitter,,,,
13,백인수,쌍방울,0.281,108,398,356,100,17,0,7,49,3,0,27,4,30,9,11,1994,hitter,,,,
14,노찬엽,LG,0.279,107,393,340,95,13,6,10,59,7,5,41,4,24,12,0,1994,hitter,,,,
15,김경기,태평양,0.277,124,498,433,120,19,3,23,70,3,2,56,7,68,9,7,1994,hitter,,,,
16,김민호,OB,0.275,126,491,426,117,13,0,8,34,17,7,33,10,64,6,25,1994,hitter,,,,
17,김실,삼성,0.273,115,393,337,92,11,5,3,33,4,8,45,2,43,7,8,1994,hitter,,,,
18,이종운,롯데,0.272,121,477,448,122,13,5,2,32,21,8,15,4,47,5,3,1994,hitter,,,,
19,홍현우,해태,0.272,126,524,463,126,20,2,16,72,15,7,50,4,63,6,21,1994,hitter,,,,
20,공필성,롯데,0.271,126,488,420,114,23,5,12,57,25,10,45,13,71,8,19,1994,hitter,,,,
21,이종두,삼성,0.271,126,472,417,113,15,1,17,52,12,7,37,5,69,14,6,1994,hitter,,,,
22,이호성,해태,0.265,105,440,374,99,10,2,9,49,21,7,52,5,63,6,5,1994,hitter,,,,
23,김동기,태평양,0.264,119,421,368,97,16,0,15,50,3,6,38,12,74,15,3,1994,hitter,,,,
24,김형석,OB,0.262,114,444,393,103,13,0,6,51,3,1,40,4,56,13,5,1994,hitter,,,,
25,박종호,LG,0.260,107,400,335,87,14,6,6,56,21,10,45,13,44,8,14,1994,hitter,,,,
26,강정길,한화,0.258,121,429,364,94,16,1,6,50,5,2,45,10,42,9,7,1994,hitter,,,,
27,김상국,한화,0.256,115,400,336,86,13,0,7,48,4,2,44,5,43,14,5,1994,hitter,,,,
28,이건열,해태,0.250,106,400,352,88,14,1,7,39,5,7,30,4,51,7,3,1994,hitter,,,,
29,김상호,OB,0.249,113,471,410,102,11,5,9,49,6,7,47,7,73,3,7,1994,hitter,,,,
30,최태원,쌍방울,0.248,118,446,383,95,13,2,1,27,31,12,40,13,46,5,5,1994,hitter,,,,
1,김광림,쌍방울,0.337,119,489,419,141,17,1,7,49,16,10,48,5,37,8,1,1995,hitter,,,,
2,장종훈,한화,0.326,126,498,420,137,25,4,22,78,8,9,68,6,63,10,6,1995,hitter,,,,
3,김기태,쌍방울,0.321,116,482,402,129,34,3,12,72,12,10,72,1,44,8,4,1995,hitter,,,,
4,양준혁,삼성,0.313,125,527,438,137,34,1,20,84,8,2,77,6,50,7,2,1995,hitter,,,,
5,전준호,롯데,0.308,124,540,458,141,13,12,1,42,69,25,62,6,54,5,1,1995,hitter,,,,
6,권준헌,태평양,0.306,110,419,395,121,16,3,6,34,14,6,17,1,63,9,12,1995,hitter,,,,
7,서용빈,LG,0.306,126,491,441,135,28,2,4,53,6,2,34,8,55,12,9,1995,hitter,,,,
8,홍현우,해태,0.305,125,531,465,142,24,1,16,65,34,5,58,4,65,1,15,1995,hitter,,,,
9,김응국,롯데,0.299,104,435,364,109,14,4,8,61,31,5,57,5,45,7,4,1995,hitter,,,,
10,김종석,OB,0.299,116,433,395,118,26,8,4,56,5,2,33,2,41,12,6,1995,hitter,,,,
11,최태원,쌍방울,0.296,125,548,496,147,20,1,1,30,29,14,29,8,37,3,12,1995,hitter,,,,
12,김경기,태평양,0.295,96,398,356,105,19,1,12,46,4,1,38,4,51,5,4,1995,hitter,,,,
13,이명수,OB,0.290,111,431,383,111,11,1,9,32,1,4,37,4,55,9,8,1995,hitter,,,,
14,이동수,삼성,0.288,125,478,420,121,17,3,22,81,2,0,34,20,96,11,20,1995,hitter,,,,
15,김민호,OB,0.288,113,455,400,115,24,3,2,30,47,17,37,5,58,3,14,1995,hitter,,,,
16,정영규,한화,0.287,116,446,397,114,22,5,11,45,3,12,42,2,81,5,3,1995,hitter,,,,
17,이승엽,삼성,0.285,121,411,365,104,29,1,13,73,0,3,33,4,54,4,8,1995,hitter,,,,
18,심정수,OB,0.282,116,405,362,102,19,0,21,59,4,2,29,8,78,6,2,1995,hitter,,,,
19,마해영,롯데,0.275,126,551,476,131,26,4,18,87,16,6,54,13,82,13,7,1995,hitter,,,,
20,김상호,OB,0.272,126,565,504,137,23,2,25,101,10,7,45,6,113,6,8,1995,hitter,,,,
21,김형석,OB,0.270,121,464,423,114,29,2,10,68,2,1,32,1,71,16,2,1995,hitter,,,,
22,공필성,롯데,0.264,126,476,390,103,14,6,4,50,22,5,52,22,68,5,13,1995,hitter,,,,
23,양회열,해태,0.264,117,405,356,94,9,1,0,22,0,5,24,4,72,4,25,1995,hitter,,,,
24,김용선,한화,0.262,124,432,370,97,18,2,10,38,12,10,37,5,85,9,7,1995,hitter,,,,
25,김동수,LG,0.260,108,393,334,87,15,2,10,35,4,0,40,4,45,8,2,1995,hitter,,,,
26,장원진,OB,0.260,123,439,393,102,15,2,9,58,8,6,32,5,53,4,3,1995,hitter,,,,
27,김재현,LG,0.255,116,448,381,97,19,3,15,56,13,10,45,13,83,6,2,1995,hitter,,,,
28,백인수,쌍방울,0.244,106,394,352,86,13,2,7,40,3,0,31,3,54,11,11,1995,hitter,,,,
29,강영수,태평양,0.243,122,484,415,101,17,1,21,68,3,1,60,2,105,12,4,1995,hitter,,,,
30,박경완,쌍방울,0.227,121,429,361,82,13,2,19,46,5,2,56,8,100,5,8,1995,hitter,,,,
1,양준혁,삼성,0.346,126,530,436,151,33,2,28,87,23,18,82,6,76,4,2,1996,hitter,,,,
2,이종범,해태,0.332,113,525,449,149,28,1,25,76,57,12,67,7,39,4,10,1996,hitter,,,,
3,홍현우,해태,0.332,126,549,443,147,30,4,17,67,18,9,97,4,64,8,16,1996,hitter,,,,
4,김응국,롯데,0.321,126,518,446,143,22,6,9,64,26,7,65,2,61,11,2,1996,hitter,,,,
5,임수혁,롯데,0.311,113,431,373,116,18,2,11,76,4,5,46,3,46,11,2,1996,hitter,,,,
6,박정태,롯데,0.309,94,405,366,113,25,1,5,61,2,0,32,3,39,11,9,1996,hitter,,,,
7,김광림,쌍방울,0.303,126,509,449,136,19,6,2,49,15,4,45,3,63,8,2,1996,hitter,,,,
8,이승엽,삼성,0.303,122,504,459,139,32,6,9,76,4,1,34,5,42,10,5,1996,hitter,,,,
9,박재홍,현대,0.295,126,547,481,142,29,4,30,108,36,17,53,7,107,7,2,1996,hitter,,,,
10,김실,쌍방울,0.291,124,487,419,122,19,6,0,38,6,8,46,2,49,4,7,1996,hitter,,,,
11,박현승,롯데,0.288,108,410,354,102,22,3,8,51,10,6,40,5,55,13,13,1996,hitter,,,,
12,송지만,한화,0.287,122,460,394,113,30,4,18,53,10,16,43,9,81,5,8,1996,hitter,,,,
13,강석천,한화,0.286,113,404,357,102,15,2,4,49,18,10,30,6,53,12,8,1996,hitter,,,,
14,심재학,LG,0.285,118,471,389,111,15,1,18,72,1,4,64,11,58,7,7,1996,hitter,,,,
15,김재현,LG,0.283,117,482,414,117,20,0,11,60,7,7,49,11,52,7,4,1996,hitter,,,,
16,박진만,현대,0.283,115,406,361,102,21,2,6,38,11,7,20,7,55,5,22,1996,hitter,,,,
17,이명수,OB,0.281,103,392,342,96,13,0,4,24,0,6,43,1,55,12,7,1996,hitter,,,,
18,이숭용,현대,0.280,124,442,371,104,18,4,12,47,5,6,60,7,51,4,1,1996,hitter,,,,
19,마해영,롯데,0.276,120,467,428,118,26,3,12,64,4,2,30,3,81,11,2,1996,hitter,,,,
20,심성보,쌍방울,0.275,116,391,335,92,26,4,5,51,8,2,40,2,55,6,3,1996,hitter,,,,
21,김경기,현대,0.274,115,472,412,113,16,1,20,64,6,4,50,7,82,6,8,1996,hitter,,,,
22,이영우,한화,0.269,114,417,353,95,21,3,8,39,12,9,49,2,63,9,2,1996,hitter,,,,
23,김상호,OB,0.269,117,487,439,118,27,0,20,75,5,5,31,8,101,5,5,1996,hitter,,,,
24,홍원기,한화,0.262,123,450,382,100,20,0,9,47,5,4,42,11,75,12,18,1996,hitter,,,,
25,송구홍,LG,0.261,109,414,349,91,18,1,7,38,17,6,25,22,49,11,13,1996,hitter,,,,
26,최태원,쌍방울,0.258,126,523,449,116,22,3,1,40,5,6,32,13,53,6,10,1996,hitter,,,,
27,이호성,해태,0.258,105,399,357,92,10,0,9,63,16,5,28,1,66,11,5,1996,hitter,,,,
28,정수근,OB,0.253,126,551,490,124,20,6,1,26,43,25,42,6,54,9,8,1996,hitter,,,,
29,안경현,OB,0.251,125,475,426,107,19,2,8,42,0,1,39,3,65,11,12,1996,hitter,,,,
30,류지현,LG,0.249,100,466,385,96,15,3,4,26,24,7,59,11,61,2,20,1996,hitter,,,,
1,김기태,쌍방울,0.344,111,478,390,134,30,3,26,79,10,7,84,2,54,11,4,1997,hitter,,,,
2,이승엽,삼성,0.329,126,577,517,170,37,3,32,114,5,2,49,6,79,10,4,1997,hitter,,,,
3,양준혁,삼성,0.328,126,561,442,145,32,5,30,98,25,17,103,7,75,7,2,1997,hitter,,,,
4,박재홍,현대,0.326,96,403,331,108,16,0,27,69,22,14,66,4,59,5,2,1997,hitter,,,,
5,신동주,삼성,0.326,120,452,399,130,37,1,21,66,18,12,34,14,79,3,2,1997,hitter,,,,
6,이종범,해태,0.324,125,577,484,157,28,3,30,74,64,15,87,3,49,9,27,1997,hitter,,,,
7,강석천,한화,0.322,123,506,447,144,19,4,7,34,17,9,37,7,40,9,2,1997,hitter,,,,
8,조원우,쌍방울,0.321,126,489,424,136,18,9,5,49,15,7,24,2,48,13,2,1997,hitter,,,,
9,서용빈,LG,0.316,120,459,399,126,25,6,4,69,4,6,38,7,45,5,4,1997,hitter,,,,
10,김상호,OB,0.315,96,393,343,108,24,3,11,52,4,2,42,4,71,7,3,1997,hitter,,,,
11,이숭용,현대,0.311,121,420,341,106,28,3,9,61,3,4,62,6,39,4,1,1997,hitter,,,,
12,최태원,쌍방울,0.306,126,558,477,146,30,1,2,39,3,9,51,6,49,4,9,1997,hitter,,,,
13,이병규,LG,0.305,126,550,495,151,31,8,7,69,23,5,43,8,50,6,2,1997,hitter,,,,
14,박현승,롯데,0.301,112,430,379,114,19,4,19,63,12,1,36,6,66,10,9,1997,hitter,,,,
15,최익성,삼성,0.296,122,568,480,142,25,2,22,65,33,5,61,18,81,6,2,1997,hitter,,,,
16,장종훈,한화,0.293,121,499,427,125,27,1,22,76,15,8,63,4,76,9,8,1997,hitter,,,,
17,김광림,현대,0.292,117,396,346,101,14,5,2,32,9,9,39,1,44,3,2,1997,hitter,,,,
18,김한수,삼성,0.292,124,524,466,136,27,1,9,68,9,9,36,7,79,6,17,1997,hitter,,,,
19,최훈재,해태,0.292,112,394,343,100,23,1,12,70,3,7,34,5,40,10,2,1997,hitter,,,,
20,심재학,LG,0.285,117,478,411,117,23,1,15,84,5,2,54,2,51,8,6,1997,hitter,,,,
21,신국환,LG,0.281,120,455,405,114,25,3,8,58,9,4,23,14,53,18,18,1997,hitter,,,,
22,이호성,해태,0.276,110,443,380,105,13,0,15,63,20,5,54,4,74,10,1,1997,hitter,,,,
23,정경배,삼성,0.274,123,486,420,115,25,3,13,72,13,9,36,6,84,5,12,1997,hitter,,,,
24,김대익,롯데,0.272,122,412,356,97,22,3,6,35,13,14,40,2,73,2,2,1997,hitter,,,,
25,홍현우,해태,0.271,126,534,436,118,29,0,22,79,20,9,86,7,80,19,18,1997,hitter,,,,
26,류지현,LG,0.269,125,569,479,129,24,2,3,45,44,11,61,13,62,11,14,1997,hitter,,,,
27,심성보,쌍방울,0.269,118,435,390,105,23,3,15,73,5,6,30,6,65,12,9,1997,hitter,,,,
28,김실,쌍방울,0.267,118,418,359,96,17,5,0,38,4,5,33,1,29,7,6,1997,hitter,,,,
29,송지만,한화,0.266,117,474,414,110,26,1,14,45,12,10,35,7,91,8,3,1997,hitter,,,,
30,정수근,OB,0.263,103,443,377,99,9,2,2,34,50,15,46,7,49,5,3,1997,hitter,,,,
1,양준혁,삼성,0.342,126,552,456,156,30,1,27,89,15,14,87,5,69,14,3,1998,hitter,,,,
2,전준호,현대,0.321,126,518,446,143,16,7,5,43,35,17,49,10,58,2,2,1998,hitter,,,,
3,박정태,롯데,0.318,113,473,406,129,24,2,13,79,1,3,52,4,47,5,11,1998,hitter,,,,
4,쿨바,현대,0.317,115,471,410,130,27,1,26,97,2,3,51,5,102,5,8,1998,hitter,,,,
5,장성호,해태,0.312,125,529,465,145,23,1,15,49,5,0,44,9,53,12,8,1998,hitter,,,,
6,조원우,쌍방울,0.311,126,536,479,149,20,4,12,62,23,6,35,7,46,15,3,1998,hitter,,,,
7,김기태,쌍방울,0.309,126,541,434,134,28,4,31,90,10,5,104,0,79,11,8,1998,hitter,,,,
8,이승엽,삼성,0.306,126,568,477,146,32,2,38,102,0,2,78,5,97,4,3,1998,hitter,,,,
9,우즈,OB,0.305,126,521,452,138,14,1,42,103,1,2,65,2,115,13,5,1998,hitter,,,,
10,이호준,해태,0.303,121,465,422,128,27,1,19,77,5,2,27,6,71,13,2,1998,hitter,,,,
11,김한수,삼성,0.300,126,503,463,139,24,1,15,80,5,3,19,6,70,19,14,1998,hitter,,,,
12,강동우,삼성,0.300,123,468,414,124,23,8,10,30,22,7,42,1,68,5,1,1998,hitter,,,,
13,김재현,LG,0.295,122,541,482,142,31,3,16,76,8,6,47,7,80,6,2,1998,hitter,,,,
14,심정수,OB,0.294,126,518,477,140,29,4,19,73,4,1,34,5,82,5,4,1998,hitter,,,,
15,마해영,롯데,0.292,126,534,465,136,33,1,15,64,2,3,51,12,97,7,9,1998,hitter,,,,
16,김대익,롯데,0.292,124,527,466,136,29,7,5,40,27,9,48,4,65,6,6,1998,hitter,,,,
17,최태원,쌍방울,0.288,126,537,469,135,22,3,4,39,9,5,42,4,42,9,7,1998,hitter,,,,
18,정수근,OB,0.288,125,549,480,138,19,11,1,36,44,13,51,6,44,7,5,1998,hitter,,,,
19,김동수,LG,0.284,118,471,408,116,28,2,20,66,2,3,44,9,71,8,12,1998,hitter,,,,
20,김선진,LG,0.282,115,408,369,104,20,3,8,46,13,5,26,3,59,19,8,1998,hitter,,,,
21,치멜리스,한화,0.279,118,455,409,114,22,0,17,63,1,3,29,5,58,7,14,1998,hitter,,,,
22,이병규,LG,0.279,124,544,499,139,31,5,9,67,11,6,36,3,47,13,1,1998,hitter,,,,
23,이숭용,현대,0.278,107,412,363,101,26,1,10,45,6,9,31,12,72,5,1,1998,hitter,,,,
24,류지현,LG,0.277,126,564,476,132,36,1,12,61,40,7,71,6,78,3,20,1998,hitter,,,,
25,강석천,한화,0.276,125,510,471,130,23,5,6,42,20,7,16,12,51,12,5,1998,hitter,,,,
26,장종훈,한화,0.275,118,489,437,120,17,1,17,66,3,5,41,7,69,13,8,1998,hitter,,,,
27,김경기,현대,0.274,126,493,431,118,25,0,18,59,5,6,43,12,79,11,26,1998,hitter,,,,
28,홍현우,해태,0.269,126,533,442,119,24,1,15,62,13,9,79,3,74,9,20,1998,hitter,,,,
29,심성보,쌍방울,0.269,126,521,469,126,24,5,24,86,9,5,38,4,110,12,3,1998,hitter,,,,
30,송지만,한화,0.269,126,508,432,116,20,0,16,49,25,8,45,19,99,6,5,1998,hitter,,,,
1,마해영,롯데,0.372,132,579,503,187,38,4,35,119,6,9,59,10,65,11,6,1999,hitter,,,,
2,이병규,LG,0.349,131,599,550,192,43,8,30,99,31,3,34,9,65,11,2,1999,hitter,,,,
3,장성호,해태,0.342,129,559,485,166,32,1,24,62,5,3,61,8,71,9,4,1999,hitter,,,,
4,김한수,삼성,0.340,128,551,497,169,36,1,18,88,7,6,33,13,73,12,12,1999,hitter,,,,
5,심정수,두산,0.335,132,544,480,161,35,1,31,110,1,4,53,8,77,17,3,1999,hitter,,,,
6,이영우,한화,0.334,128,482,425,142,33,4,13,49,16,7,40,9,69,6,3,1999,hitter,,,,
7,박정태,롯데,0.329,127,540,456,150,17,3,11,83,0,3,63,6,60,17,10,1999,hitter,,,,
8,데이비스,한화,0.328,130,578,525,172,31,3,30,106,35,18,41,5,93,14,2,1999,hitter,,,,
9,호세,롯데,0.327,132,553,462,151,29,3,36,122,12,3,79,5,119,8,6,1999,hitter,,,,
10,정수근,두산,0.325,129,589,505,164,28,8,2,55,57,13,70,4,56,12,7,1999,hitter,,,,
11,이승엽,삼성,0.323,132,614,486,157,33,2,54,123,10,2,112,12,114,7,6,1999,hitter,,,,
12,양준혁,해태,0.323,131,588,496,160,23,1,32,105,21,12,82,5,68,14,1,1999,hitter,,,,
13,김동주,두산,0.321,114,455,399,128,25,3,22,84,2,1,41,10,53,9,7,1999,hitter,,,,
14,장원진,두산,0.317,121,480,426,135,15,2,2,58,3,2,39,4,44,9,5,1999,hitter,,,,
15,정경배,삼성,0.312,105,453,398,124,15,0,18,53,16,8,24,24,80,7,9,1999,hitter,,,,
16,송지만,한화,0.311,132,515,476,148,24,11,22,74,20,18,28,4,88,7,4,1999,hitter,,,,
17,류지현,LG,0.303,93,422,356,108,19,5,11,45,14,10,50,5,42,5,9,1999,hitter,,,,
18,강석천,한화,0.303,130,496,433,131,22,2,5,42,24,10,33,16,56,16,22,1999,hitter,,,,
19,박종호,현대,0.301,119,473,396,119,29,4,10,55,13,3,28,31,53,4,18,1999,hitter,,,,
20,홍현우,해태,0.300,129,561,487,146,26,0,34,111,31,6,64,3,104,10,15,1999,hitter,,,,
21,우즈,두산,0.297,124,544,454,135,20,0,34,101,5,2,83,3,126,14,11,1999,hitter,,,,
22,박재홍,현대,0.295,129,572,482,142,27,1,24,98,17,13,79,6,85,10,2,1999,hitter,,,,
23,김응국,롯데,0.293,125,555,481,141,27,7,8,60,12,13,62,1,81,6,0,1999,hitter,,,,
24,김기태,삼성,0.293,130,560,468,137,33,2,28,88,5,4,82,6,95,9,6,1999,hitter,,,,
25,정성훈,해태,0.292,108,416,366,107,19,1,7,39,5,6,26,8,51,8,14,1999,hitter,,,,
26,로마이어,한화,0.292,132,572,487,142,30,3,45,109,6,2,74,6,100,8,12,1999,hitter,,,,
27,전준호,현대,0.291,129,562,470,137,7,2,4,43,38,12,67,4,72,1,2,1999,hitter,,,,
28,이종열,LG,0.291,128,544,468,136,23,7,9,55,18,1,53,13,83,10,21,1999,hitter,,,,
29,피어슨,현대,0.289,129,561,502,145,12,0,31,108,0,1,47,5,85,9,0,1999,hitter,,,,
30,김재현,LG,0.287,121,520,453,130,17,1,21,94,8,4,54,9,58,14,1,1999,hitter,,,,
1,박종호,현대,0.340,121,541,441,150,30,3,10,58,9,5,61,12,47,4,16,2000,hitter,,,,
2,김동주,두산,0.339,127,539,469,159,29,1,31,106,5,2,51,13,65,17,17,2000,hitter,,,,
3,브리또,SK,0.338,103,452,405,137,26,4,15,70,3,2,31,11,55,8,12,2000,hitter,,,,
4,송지만,한화,0.338,120,530,468,158,33,2,32,90,20,7,52,7,72,10,5,2000,hitter,,,,
5,데이비스,한화,0.334,107,458,419,140,29,1,22,80,21,7,25,2,92,15,8,2000,hitter,,,,
6,프랑코,삼성,0.327,132,549,477,156,19,1,22,110,12,5,63,2,86,11,7,2000,hitter,,,,
7,장성호,해태,0.324,115,546,450,146,30,1,14,48,6,5,88,3,57,7,3,2000,hitter,,,,
8,장원진,두산,0.323,133,579,527,170,27,5,7,59,10,4,43,3,37,12,3,2000,hitter,,,,
8,이병규,LG,0.323,129,595,527,170,28,1,18,99,14,8,52,5,91,15,2,2000,hitter,,,,
10,이영우,한화,0.318,128,542,478,152,36,5,25,64,7,12,52,8,91,5,3,2000,hitter,,,,
11,우즈,두산,0.315,127,565,479,151,22,0,39,111,4,1,77,6,132,13,2,2000,hitter,,,,
12,양준혁,LG,0.313,117,514,432,135,30,2,15,92,15,4,73,5,65,6,3,2000,hitter,,,,
13,박재홍,현대,0.309,132,572,489,151,31,5,32,115,30,14,64,7,77,15,2,2000,hitter,,,,
14,김재현,LG,0.308,131,560,464,143,32,2,11,62,6,6,81,7,73,11,6,2000,hitter,,,,
15,심정수,두산,0.304,126,542,454,138,21,2,29,91,3,0,69,10,67,12,6,2000,hitter,,,,
16,로마이어,한화,0.296,123,534,473,140,30,0,29,96,3,2,53,4,115,19,9,2000,hitter,,,,
17,마해영,롯데,0.294,132,569,497,146,25,1,23,90,2,1,51,18,75,10,8,2000,hitter,,,,
18,이승엽,삼성,0.293,125,544,454,133,33,0,36,95,4,5,80,7,113,5,2,2000,hitter,,,,
19,홍성흔,두산,0.290,127,484,438,127,13,2,10,59,10,3,32,3,50,12,10,2000,hitter,,,,
20,정경배,삼성,0.289,102,426,374,108,25,1,12,38,5,4,33,9,71,5,7,2000,hitter,,,,
21,스미스,LG,0.288,118,484,423,122,27,1,35,100,0,1,53,2,120,17,4,2000,hitter,,,,
22,박진만,현대,0.288,129,477,420,121,30,4,15,58,0,5,36,6,76,9,15,2000,hitter,,,,
23,강석천,한화,0.286,123,487,433,124,24,2,7,49,15,8,34,10,61,18,21,2000,hitter,,,,
24,박정태,롯데,0.285,107,439,386,110,15,2,6,53,3,0,47,1,42,13,8,2000,hitter,,,,
25,박경완,현대,0.282,130,517,408,115,16,0,40,95,7,4,87,12,112,7,9,2000,hitter,,,,
26,류지현,LG,0.281,129,592,495,139,24,1,7,38,25,9,73,2,50,4,14,2000,hitter,,,,
27,김대익,롯데,0.278,133,534,464,129,27,4,6,47,12,11,53,2,82,5,2,2000,hitter,,,,
28,정수근,두산,0.277,127,567,502,139,23,3,3,50,47,7,47,5,40,5,3,2000,hitter,,,,
29,김응국,롯데,0.277,107,439,401,111,15,3,6,45,9,7,34,2,78,7,2,2000,hitter,,,,
30,심재학,현대,0.265,130,502,430,114,30,1,21,75,3,2,51,15,59,7,4,2000,hitter,,,,
1,양준혁,LG,0.355,124,531,439,156,20,3,14,92,12,5,80,1,55,9,1,2001,hitter,,,,
2,심재학,두산,0.344,117,469,369,127,20,1,24,88,7,1,86,7,50,6,6,2001,hitter,,,,
3,에레라,SK,0.340,103,450,418,142,27,1,15,63,15,7,24,5,53,11,4,2001,hitter,,,,
4,호세,롯데,0.335,117,499,367,123,20,2,36,102,7,4,127,1,72,4,3,2001,hitter,,,,
5,데이비스,한화,0.335,130,564,496,166,21,0,30,96,15,9,60,2,74,15,6,2001,hitter,,,,
6,마해영,삼성,0.328,133,547,470,154,18,0,30,95,1,1,68,5,82,13,2,2001,hitter,,,,
7,전준호,현대,0.325,125,490,400,130,18,6,4,35,27,15,65,8,51,5,3,2001,hitter,,,,
8,김재현,LG,0.325,126,534,428,139,29,1,8,61,10,8,88,6,83,9,3,2001,hitter,,,,
9,김동주,두산,0.324,103,421,364,118,18,0,18,62,2,2,47,4,57,10,3,2001,hitter,,,,
10,브리또,SK,0.320,122,510,422,135,27,0,22,80,7,3,57,24,53,12,23,2001,hitter,,,,
11,김종석,한화,0.315,116,445,390,123,22,2,16,65,4,1,49,1,78,9,0,2001,hitter,,,,
12,김한수,삼성,0.311,117,478,427,133,29,2,13,61,3,2,28,13,57,11,10,2001,hitter,,,,
13,장성호,KIA,0.311,133,591,489,152,32,4,23,97,6,4,90,6,53,11,13,2001,hitter,,,,
14,산토스,KIA,0.310,130,541,484,150,19,0,26,107,1,0,46,1,66,17,0,2001,hitter,,,,
15,이병규,LG,0.308,133,607,542,167,30,4,12,83,24,8,54,4,69,10,7,2001,hitter,,,,
16,정수근,두산,0.306,122,546,467,143,21,9,2,53,52,11,71,1,51,8,6,2001,hitter,,,,
17,최기문,롯데,0.304,127,451,385,117,16,2,7,47,8,5,40,7,52,6,8,2001,hitter,,,,
18,조경환,롯데,0.303,120,497,433,131,33,0,26,102,2,0,47,8,109,6,1,2001,hitter,,,,
19,박진만,현대,0.300,122,449,383,115,13,0,22,63,9,6,47,4,65,13,25,2001,hitter,,,,
20,이숭용,현대,0.300,124,496,430,129,29,1,10,64,4,0,47,9,47,5,6,2001,hitter,,,,
21,심정수,현대,0.294,107,453,381,112,19,1,18,70,8,2,60,11,75,11,5,2001,hitter,,,,
22,홍세완,KIA,0.293,133,508,451,132,24,1,14,72,8,2,43,3,62,14,15,2001,hitter,,,,
23,우즈,두산,0.291,118,525,436,127,16,2,34,113,12,3,83,1,114,11,3,2001,hitter,,,,
24,김수연,한화,0.291,129,446,392,114,10,3,0,20,42,16,47,2,67,3,7,2001,hitter,,,,
25,박현승,롯데,0.288,123,521,427,123,21,4,5,53,15,6,72,13,68,5,9,2001,hitter,,,,
26,이영우,한화,0.286,126,448,381,109,25,3,15,65,10,3,62,0,70,8,1,2001,hitter,,,,
27,서용빈,LG,0.286,126,421,371,106,19,4,0,49,4,2,37,5,50,10,3,2001,hitter,,,,
28,김종국,KIA,0.285,101,416,361,103,15,3,4,25,21,12,40,5,56,5,7,2001,hitter,,,,
29,김대익,롯데,0.285,130,458,404,115,24,2,5,33,9,10,33,1,75,8,0,2001,hitter,,,,
30,장원진,두산,0.285,129,559,513,146,17,3,5,53,11,4,38,3,43,13,2,2001,hitter,,,,
1,장성호,KIA,0.343,133,586,481,165,29,0,19,95,,,,,,,,2002,hitter,82,251,2,8
2,마해영,삼성,0.323,133,596,532,172,40,2,33,116,,,,,,,,2002,hitter,92,315,0,6
3,이승엽,삼성,0.323,133,617,511,165,42,2,47,126,,,,,,,,2002,hitter,123,352,0,2
4,심정수,현대,0.321,133,577,502,161,22,1,46,119,,,,,,,,2002,hitter,101,323,0,3
5,김동주,두산,0.318,120,487,415,132,21,0,26,79,,,,,,,,2002,hitter,63,231,0,7
6,이영우,한화,0.315,133,564,476,150,26,1,24,52,,,,,,,,2002,hitter,96,250,7,0
7,김한수,삼성,0.311,127,541,486,151,23,1,17,76,,,,,,,,2002,hitter,69,227,2,4
8,이진영,SK,0.308,128,475,419,129,22,8,13,40,,,,,,,,2002,hitter,73,206,6,3
9,전준호,현대,0.300,126,501,420,126,15,8,3,28,,,,,,,,2002,hitter,83,166,14,1
10,이병규,LG,0.293,109,444,389,114,25,0,12,43,,,,,,,,2002,hitter,54,175,1,2
11,이종범,KIA,0.293,123,546,485,142,25,2,18,59,,,,,,,,2002,hitter,93,225,4,1
12,송지만,한화,0.291,131,557,488,142,18,2,38,104,,,,,,,,2002,hitter,84,278,0,2
13,채종범,SK,0.291,127,557,478,139,19,2,17,68,,,,,,,,2002,hitter,79,213,11,3
14,홍성흔,두산,0.289,127,484,432,125,17,0,18,70,,,,,,,,2002,hitter,51,196,7,3
15,이호준,SK,0.288,129,499,444,128,24,2,23,64,,,,,,,,2002,hitter,76,225,4,2
16,안경현,두산,0.288,130,548,486,140,24,4,8,58,,,,,,,,2002,hitter,50,196,7,6
17,박용택,LG,0.288,112,424,375,108,28,6,9,55,,,,,,,,2002,hitter,68,175,1,4
18,강동우,삼성,0.288,130,521,466,134,23,3,9,49,,,,,,,,2002,hitter,75,190,7,1
19,데이비스,한화,0.287,115,456,404,116,23,1,21,72,,,,,,,,2002,hitter,56,204,0,2
20,김종국,KIA,0.287,133,595,527,151,26,3,8,53,,,,,,,,2002,hitter,95,207,3,1
21,최기문,롯데,0.285,123,415,383,109,22,4,8,50,,,,,,,,2002,hitter,34,163,2,0
22,이숭용,현대,0.284,125,480,422,120,18,2,19,76,,,,,,,,2002,hitter,63,199,4,2
23,김응국,롯데,0.284,116,412,373,106,15,3,3,49,,,,,,,,2002,hitter,35,136,2,1
24,브리또,삼성,0.283,128,545,481,136,29,0,25,90,,,,,,,,2002,hitter,89,240,4,4
25,진갑용,삼성,0.281,133,517,462,130,29,1,18,86,,,,,,,,2002,hitter,58,215,1,5
26,페르난데스,SK,0.281,132,556,499,140,24,0,45,107,,,,,,,,2002,hitter,81,299,0,1
27,폴,현대,0.280,113,441,397,111,18,2,18,64,,,,,,,,2002,hitter,48,187,1,2
28,마르티네스,LG,0.279,109,468,409,114,19,1,15,69,,,,,,,,2002,hitter,59,180,0,6
29,박재홍,현대,0.278,112,481,432,120,24,0,15,67,,,,,,,,2002,hitter,57,189,0,4
30,양준혁,삼성,0.276,132,437,391,108,23,2,14,50,,,,,,,,2002,hitter,60,177,0,1
1,김동주,두산,0.342,118,504,401,137,23,2,23,89,,,,,,,,2003,hitter,61,233,0,13
2,심정수,현대,0.335,133,601,460,154,16,1,53,142,,,,,,,,2003,hitter,110,331,0,8
3,안경현,두산,0.333,128,539,475,158,28,3,10,72,,,,,,,,2003,hitter,65,222,6,5
4,양준혁,삼성,0.329,133,551,490,161,37,2,33,92,,,,,,,,2003,hitter,90,301,4,2
5,이진영,SK,0.328,128,562,481,158,29,6,17,70,,,,,,,,2003,hitter,81,250,13,2
6,박한이,삼성,0.322,133,612,528,170,34,1,12,59,,,,,,,,2003,hitter,113,242,8,5
7,김태균,한화,0.319,133,573,479,153,24,2,31,95,,,,,,,,2003,hitter,67,274,4,2
8,장성호,KIA,0.315,130,571,476,150,36,2,21,105,,,,,,,,2003,hitter,93,253,3,5
9,이종범,KIA,0.315,132,595,524,165,43,1,20,61,,,,,,,,2003,hitter,110,270,1,4
10,김동수,현대,0.308,117,441,367,113,15,1,16,68,,,,,,,,2003,hitter,48,178,15,6
11,조성환,롯데,0.307,129,543,486,149,25,2,6,38,,,,,,,,2003,hitter,73,196,7,1
12,박재홍,KIA,0.301,108,461,392,118,15,5,19,66,,,,,,,,2003,hitter,71,200,6,2
13,이승엽,삼성,0.301,131,596,479,144,23,0,56,144,,,,,,,,2003,hitter,115,335,0,6
14,이영우,한화,0.297,133,590,498,148,28,4,16,71,,,,,,,,2003,hitter,90,232,3,3
15,김한수,삼성,0.295,131,532,478,141,23,1,17,70,,,,,,,,2003,hitter,67,217,4,4
16,이숭용,현대,0.294,133,573,511,150,25,0,18,76,,,,,,,,2003,hitter,70,229,7,4
17,박종호,현대,0.293,131,597,502,147,26,4,6,61,,,,,,,,2003,hitter,90,199,26,4
18,마해영,삼성,0.291,132,573,502,146,25,0,38,123,,,,,,,,2003,hitter,90,285,1,4
19,장원진,두산,0.290,124,429,386,112,23,1,5,48,,,,,,,,2003,hitter,46,152,4,4
20,진갑용,삼성,0.290,126,485,435,126,20,2,21,53,,,,,,,,2003,hitter,64,213,2,2
21,이호준,SK,0.290,133,554,473,137,20,1,36,102,,,,,,,,2003,hitter,86,267,2,1
22,홍세완,KIA,0.290,129,549,487,141,26,1,22,100,,,,,,,,2003,hitter,75,235,5,9
23,디아즈,SK,0.285,112,485,439,125,26,0,22,63,,,,,,,,2003,hitter,56,217,0,4
24,조경환,SK,0.285,121,441,376,107,20,1,23,68,,,,,,,,2003,hitter,63,198,8,1
25,박진만,현대,0.283,129,515,421,119,26,0,16,48,,,,,,,,2003,hitter,68,193,22,4
26,조원우,SK,0.281,128,518,452,127,18,0,8,48,,,,,,,,2003,hitter,65,169,13,4
27,김상훈,KIA,0.279,125,467,423,118,23,1,7,46,,,,,,,,2003,hitter,43,164,10,1
28,홍원기,두산,0.273,124,453,384,105,13,1,8,42,,,,,,,,2003,hitter,43,144,9,3
29,마르티네스,LG,0.273,131,552,483,132,29,2,17,70,,,,,,,,2003,hitter,70,216,1,7
30,정경배,SK,0.272,119,425,372,101,16,0,12,51,,,,,,,,2003,hitter,55,153,12,3
1,브룸바,현대,0.343,132,594,475,163,25,1,33,105,,,,,,,,2004,hitter,92,289,0,4
2,이진영,SK,0.342,117,483,404,138,19,1,15,63,,,,,,,,2004,hitter,74,204,6,2
3,홍성흔,두산,0.329,133,552,501,165,27,2,14,86,,,,,,,,2004,hitter,62,238,3,2
4,김태균,한화,0.323,129,556,473,153,26,1,23,106,,,,,,,,2004,hitter,76,250,0,7
5,이병규,LG,0.323,129,562,496,160,26,2,14,64,,,,,,,,2004,hitter,95,232,3,1
6,김기태,SK,0.320,126,465,403,129,24,0,10,67,,,,,,,,2004,hitter,60,183,4,1
7,이영우,한화,0.319,131,572,483,154,31,3,13,60,,,,,,,,2004,hitter,94,230,6,2
8,양준혁,삼성,0.315,133,584,479,151,30,0,28,103,,,,,,,,2004,hitter,95,265,1,2
9,페레즈,롯데,0.314,125,532,490,154,17,0,18,86,,,,,,,,2004,hitter,60,225,1,3
10,박한이,삼성,0.310,132,587,503,156,26,2,16,63,,,,,,,,2004,hitter,81,234,7,3
11,이범호,한화,0.308,133,541,481,148,35,3,23,74,,,,,,,,2004,hitter,80,258,5,4
12,김재현,LG,0.300,120,458,373,112,18,3,14,62,,,,,,,,2004,hitter,56,178,0,7
13,박용택,LG,0.300,109,435,393,118,15,2,16,58,,,,,,,,2004,hitter,51,185,6,1
14,장성호,KIA,0.300,130,561,474,142,29,0,19,80,,,,,,,,2004,hitter,78,228,0,4
15,라이온,롯데,0.300,102,438,404,121,28,0,12,55,,,,,,,,2004,hitter,52,185,1,3
16,정경배,SK,0.296,105,421,362,107,23,0,9,47,,,,,,,,2004,hitter,51,157,13,3
17,박경완,SK,0.295,132,526,410,121,19,1,34,79,,,,,,,,2004,hitter,94,244,6,2
18,강동우,삼성,0.295,132,497,438,129,22,1,3,49,,,,,,,,2004,hitter,59,162,7,1
19,이숭용,현대,0.293,133,549,468,137,29,0,9,85,,,,,,,,2004,hitter,60,193,4,6
20,전준호,현대,0.292,132,581,487,142,10,7,4,48,,,,,,,,2004,hitter,88,178,24,2
21,데이비스,한화,0.291,119,510,440,128,26,1,19,77,,,,,,,,2004,hitter,70,213,2,4
22,마틴,LG,0.291,107,420,358,104,16,4,9,52,,,,,,,,2004,hitter,45,155,0,5
23,김동주,두산,0.286,124,517,430,123,19,1,19,76,,,,,,,,2004,hitter,72,201,0,2
24,박진만,현대,0.286,129,506,434,124,18,0,17,69,,,,,,,,2004,hitter,65,193,10,5
25,장원진,두산,0.284,130,486,429,122,15,4,5,49,,,,,,,,2004,hitter,51,160,5,3
26,손인호,롯데,0.284,122,480,408,116,21,2,5,42,,,,,,,,2004,hitter,54,156,1,4
27,심재학,KIA,0.282,128,469,372,105,23,2,22,81,,,,,,,,2004,hitter,64,198,3,9
28,박종호,삼성,0.282,132,587,514,145,25,0,8,59,,,,,,,,2004,hitter,78,194,13,4
29,마해영,KIA,0.281,124,519,437,123,16,0,11,71,,,,,,,,2004,hitter,54,172,1,11
30,이호준,SK,0.280,133,578,497,139,22,2,30,112,,,,,,,,2004,hitter,87,255,2,6
1,이병규,LG,0.337,119,517,466,157,24,2,9,75,,,,,,,,2005,hitter,62,212,1,7
2,데이비스,한화,0.323,118,507,431,139,24,0,24,86,,,,,,,,2005,hitter,90,235,0,6
3,김태균,한화,0.317,124,529,461,146,33,2,23,100,,,,,,,,2005,hitter,73,252,0,2
4,김재현,SK,0.315,120,499,400,126,17,0,19,77,,,,,,,,2005,hitter,63,200,0,3
5,이종범,KIA,0.312,118,495,430,134,25,2,6,36,,,,,,,,2005,hitter,69,181,7,0
6,임재철,두산,0.310,109,401,336,104,13,3,3,30,,,,,,,,2005,hitter,41,132,22,4
7,박재홍,SK,0.304,109,495,421,128,21,1,18,63,,,,,,,,2005,hitter,76,205,2,3
8,클리어,LG,0.303,110,453,402,122,23,4,15,61,,,,,,,,2005,hitter,64,198,0,5
9,조원우,한화,0.302,95,392,351,106,17,1,6,42,,,,,,,,2005,hitter,43,143,3,3
10,장성호,KIA,0.300,123,533,464,139,23,1,16,74,,,,,,,,2005,hitter,70,212,1,4
11,박한이,삼성,0.295,123,551,471,139,21,0,9,59,,,,,,,,2005,hitter,62,187,12,4
12,김한수,삼성,0.293,114,465,406,119,18,0,15,73,,,,,,,,2005,hitter,55,182,3,3
13,안경현,두산,0.293,105,415,355,104,19,0,4,62,,,,,,,,2005,hitter,54,135,4,3
14,서튼,현대,0.292,119,521,424,124,18,2,35,102,,,,,,,,2005,hitter,76,251,0,7
15,이진영,SK,0.291,122,523,453,132,19,1,20,74,,,,,,,,2005,hitter,76,213,8,4
16,진갑용,삼성,0.288,110,406,347,100,17,0,6,41,,,,,,,,2005,hitter,34,135,11,4
17,정수근,롯데,0.286,109,431,370,106,21,2,0,29,,,,,,,,2005,hitter,63,131,6,2
18,장원진,두산,0.286,123,478,423,121,16,0,3,42,,,,,,,,2005,hitter,58,146,2,2
19,정경배,SK,0.286,126,502,427,122,16,1,11,63,,,,,,,,2005,hitter,49,173,14,7
20,펠로우,롯데,0.284,109,443,398,113,15,1,23,69,,,,,,,,2005,hitter,56,199,0,4
21,박용택,LG,0.280,126,523,472,132,25,1,15,71,,,,,,,,2005,hitter,90,204,0,3
22,김민재,SK,0.277,125,508,440,122,19,0,2,37,,,,,,,,2005,hitter,58,147,16,4
23,손시헌,두산,0.276,126,480,416,115,18,5,4,60,,,,,,,,2005,hitter,59,155,6,6
24,심정수,삼성,0.275,124,528,433,119,14,0,28,87,,,,,,,,2005,hitter,77,217,0,2
25,조동찬,삼성,0.274,122,447,387,106,16,0,16,63,,,,,,,,2005,hitter,55,170,3,3
26,정수성,현대,0.273,118,429,366,100,14,5,0,19,,,,,,,,2005,hitter,53,124,19,3
27,이범호,한화,0.273,126,513,444,121,27,1,26,68,,,,,,,,2005,hitter,69,228,1,6
28,홍성흔,두산,0.272,115,433,394,107,17,0,11,74,,,,,,,,2005,hitter,41,157,4,3
29,이호준,SK,0.271,105,411,354,96,16,1,21,65,,,,,,,,2005,hitter,59,177,0,2
30,송지만,현대,0.271,123,510,436,118,22,0,24,74,,,,,,,,2005,hitter,70,212,4,3
1,이대호,롯데,0.336,122,499,443,149,26,0,26,88,,,,,,,,2006,hitter,71,253,0,1
2,이택근,현대,0.322,118,486,419,135,21,2,9,66,,,,,,,,2006,hitter,58,187,9,4
3,이용규,KIA,0.318,125,552,485,154,25,9,1,39,,,,,,,,2006,hitter,78,200,7,1
4,장성호,KIA,0.306,126,540,445,136,24,2,13,79,,,,,,,,2006,hitter,62,203,3,6
5,양준혁,삼성,0.303,126,533,413,125,31,1,13,81,,,,,,,,2006,hitter,63,197,1,7
6,이병규,LG,0.297,120,515,478,142,29,1,7,55,,,,,,,,2006,hitter,51,194,1,1
7,박용택,LG,0.294,126,534,476,140,26,3,16,64,,,,,,,,2006,hitter,69,220,1,4
8,정성훈,현대,0.291,122,492,416,121,26,0,13,66,,,,,,,,2006,hitter,56,186,12,8
9,김태균,한화,0.291,124,511,423,123,27,0,13,73,,,,,,,,2006,hitter,66,189,0,4
10,진갑용,삼성,0.288,110,408,358,103,22,0,6,47,,,,,,,,2006,hitter,28,143,9,7
11,홍성흔,두산,0.287,119,424,390,112,16,0,10,56,,,,,,,,2006,hitter,36,158,2,2
12,김재현,SK,0.287,109,441,356,102,16,1,8,51,,,,,,,,2006,hitter,42,144,1,2
13,이숭용,현대,0.286,119,449,370,106,12,0,7,43,,,,,,,,2006,hitter,44,139,12,3
14,박한이,삼성,0.285,126,567,471,134,21,2,6,43,,,,,,,,2006,hitter,89,177,7,3
15,데이비스,한화,0.284,117,479,415,118,21,0,21,74,,,,,,,,2006,hitter,62,202,0,5
16,이재주,KIA,0.284,115,436,377,107,26,0,13,59,,,,,,,,2006,hitter,38,172,1,4
17,정근우,SK,0.284,120,487,430,122,19,4,8,42,,,,,,,,2006,hitter,69,173,13,4
18,안경현,두산,0.284,125,499,423,120,21,0,15,70,,,,,,,,2006,hitter,45,186,5,5
19,이종욱,두산,0.284,120,448,388,110,14,6,1,32,,,,,,,,2006,hitter,76,139,11,1
20,박진만,삼성,0.283,115,452,382,108,22,1,11,65,,,,,,,,2006,hitter,54,165,2,5
21,김동수,현대,0.279,115,391,333,93,12,0,5,40,,,,,,,,2006,hitter,38,120,17,4
22,호세,롯데,0.277,122,504,415,115,21,0,22,78,,,,,,,,2006,hitter,59,202,0,3
23,이진영,SK,0.273,118,473,428,117,13,0,11,41,,,,,,,,2006,hitter,54,163,2,0
24,송지만,현대,0.270,119,510,441,119,16,0,16,53,,,,,,,,2006,hitter,76,183,12,1
25,손시헌,두산,0.267,126,462,404,108,16,4,2,34,,,,,,,,2006,hitter,29,138,11,2
26,조원우,한화,0.267,106,391,341,91,10,0,1,25,,,,,,,,2006,hitter,48,104,11,4
27,서튼,현대,0.266,93,394,331,88,18,1,18,61,,,,,,,,2006,hitter,50,162,0,2
28,조동찬,삼성,0.259,107,421,370,96,13,0,10,46,,,,,,,,2006,hitter,51,139,15,1
29,박재홍,SK,0.259,124,529,452,117,22,1,18,73,,,,,,,,2006,hitter,61,195,2,6
30,이범호,한화,0.257,126,497,421,108,25,1,20,73,,,,,,,,2006,hitter,53,195,1,3
1,이현곤,KIA,0.338,126,521,453,153,31,0,2,48,,,,,,,,2007,hitter,63,190,13,8
2,양준혁,삼성,0.337,123,544,442,149,34,0,22,72,,,,,,,,2007,hitter,78,249,1,2
3,이대호,롯데,0.335,121,514,415,139,21,1,29,87,,,,,,,,2007,hitter,79,249,0,5
4,정근우,SK,0.323,111,391,341,110,24,2,9,44,,,,,,,,2007,hitter,62,165,9,0
5,김동주,두산,0.322,119,481,382,123,24,0,19,78,,,,,,,,2007,hitter,68,204,0,2
6,크루즈,한화,0.321,121,498,418,134,30,0,22,85,,,,,,,,2007,hitter,68,230,0,4
7,이종욱,두산,0.316,123,528,465,147,20,12,1,46,,,,,,,,2007,hitter,84,194,6,4
8,이호준,SK,0.313,101,391,351,110,22,1,14,71,,,,,,,,2007,hitter,56,176,0,6
9,이택근,현대,0.313,116,495,438,137,15,1,11,56,,,,,,,,2007,hitter,74,187,5,2
10,박진만,삼성,0.312,100,400,333,104,25,0,7,56,,,,,,,,2007,hitter,34,150,5,5
11,브룸바,현대,0.308,126,547,438,135,13,0,29,87,,,,,,,,2007,hitter,75,235,0,5
12,이대형,LG,0.308,125,509,451,139,13,1,1,31,,,,,,,,2007,hitter,68,157,13,2
13,최동수,LG,0.306,125,493,431,132,23,0,12,58,,,,,,,,2007,hitter,49,191,3,6
14,전준호,현대,0.296,121,430,371,110,8,1,1,13,,,,,,,,2007,hitter,52,123,8,2
15,정수근,롯데,0.293,105,395,341,100,25,1,4,36,,,,,,,,2007,hitter,45,139,9,2
16,김태균,한화,0.290,118,491,393,114,13,0,21,85,,,,,,,,2007,hitter,62,190,0,6
17,정성훈,현대,0.290,122,503,445,129,29,1,16,76,,,,,,,,2007,hitter,59,208,7,3
18,이종열,LG,0.285,121,459,389,111,13,2,4,53,,,,,,,,2007,hitter,46,140,19,4
19,발데스,LG,0.283,116,512,435,123,15,0,13,72,,,,,,,,2007,hitter,50,177,0,5
20,정보명,롯데,0.282,119,436,394,111,24,3,2,45,,,,,,,,2007,hitter,40,147,5,3
21,조인성,LG,0.282,124,464,419,118,24,0,13,73,,,,,,,,2007,hitter,44,181,6,5
22,장성호,KIA,0.281,116,464,395,111,22,0,11,62,,,,,,,,2007,hitter,55,166,0,3
23,송지만,현대,0.281,120,478,413,116,25,0,15,64,,,,,,,,2007,hitter,54,186,10,5
24,이용규,KIA,0.280,118,491,439,123,17,8,0,27,,,,,,,,2007,hitter,61,156,5,3
25,박재홍,SK,0.280,115,400,347,97,19,1,17,54,,,,,,,,2007,hitter,53,169,1,7
26,박용택,LG,0.278,126,532,479,133,24,4,14,66,,,,,,,,2007,hitter,69,207,4,5
27,안경현,두산,0.274,109,400,351,96,17,4,2,49,,,,,,,,2007,hitter,26,127,4,6
28,김민재,한화,0.273,118,451,395,108,17,0,6,47,,,,,,,,2007,hitter,43,143,20,1
29,강민호,롯데,0.271,125,474,413,112,20,0,14,68,,,,,,,,2007,hitter,48,174,17,3
30,고영민,두산,0.268,126,536,444,119,29,1,12,66,,,,,,,,2007,hitter,89,186,8,6
1,김현수,두산,0.357,126,558,470,168,34,5,9,89,,,,,,,,2008,hitter,83,239,0,2
2,홍성흔,두산,0.331,114,460,423,140,19,2,8,63,,,,,,,,2008,hitter,45,187,3,5
3,최정,SK,0.328,114,476,406,133,24,1,12,61,,,,,,,,2008,hitter,77,195,10,2
4,조성환,롯데,0.327,123,525,462,151,27,3,10,81,,,,,,,,2008,hitter,79,214,4,11
5,김태균,한화,0.324,115,484,410,133,27,1,31,92,,,,,,,,2008,hitter,81,255,0,5
6,박재홍,SK,0.318,112,471,396,126,26,2,19,72,,,,,,,,2008,hitter,66,213,0,3
7,이택근,우리,0.317,110,428,372,118,19,1,12,58,,,,,,,,2008,hitter,59,175,1,3
8,박한이,삼성,0.316,104,442,370,117,17,2,4,41,,,,,,,,2008,hitter,57,150,5,3
9,정근우,SK,0.314,124,550,491,154,20,4,8,58,,,,,,,,2008,hitter,73,206,6,4
10,김주찬,롯데,0.313,104,458,412,129,16,7,1,42,,,,,,,,2008,hitter,75,162,9,5
11,이용규,KIA,0.312,106,473,417,130,24,6,0,38,,,,,,,,2008,hitter,62,166,6,0
12,전준호,우리,0.310,114,391,352,109,16,5,1,24,,,,,,,,2008,hitter,44,138,1,2
13,김동주,두산,0.309,109,451,363,112,12,2,18,104,,,,,,,,2008,hitter,55,182,0,13
14,김원섭,KIA,0.305,106,404,344,105,14,4,0,30,,,,,,,,2008,hitter,55,127,4,2
15,이종욱,두산,0.301,122,522,458,138,14,5,0,28,,,,,,,,2008,hitter,98,162,6,2
16,이대호,롯데,0.301,122,527,435,131,23,0,18,94,,,,,,,,2008,hitter,73,208,0,12
17,안치용,LG,0.295,101,421,370,109,27,3,7,52,,,,,,,,2008,hitter,46,163,3,9
18,브룸바,우리,0.293,102,420,358,105,17,0,13,61,,,,,,,,2008,hitter,39,161,0,4
19,강민호,롯데,0.292,122,501,435,127,25,1,19,82,,,,,,,,2008,hitter,51,211,0,10
20,박기혁,롯데,0.291,113,404,351,102,13,1,1,36,,,,,,,,2008,hitter,47,120,8,3
21,가르시아,롯데,0.283,125,513,460,130,25,2,30,111,,,,,,,,2008,hitter,68,249,0,2
22,송지만,우리,0.280,118,451,414,116,18,0,13,62,,,,,,,,2008,hitter,48,173,0,4
23,박석민,삼성,0.279,126,499,416,116,27,1,14,64,,,,,,,,2008,hitter,65,187,8,2
24,양준혁,삼성,0.278,114,443,385,107,16,2,8,49,,,,,,,,2008,hitter,49,151,2,2
25,이범호,한화,0.276,125,508,434,120,21,3,19,77,,,,,,,,2008,hitter,80,204,0,4
26,최형우,삼성,0.276,126,440,384,106,24,0,19,71,,,,,,,,2008,hitter,68,187,0,2
27,강정호,우리,0.271,116,408,362,98,18,1,8,47,,,,,,,,2008,hitter,36,142,7,3
28,정성훈,우리,0.270,109,399,355,96,21,2,3,34,,,,,,,,2008,hitter,43,130,2,1
29,고영민,두산,0.267,126,528,427,114,15,3,9,70,,,,,,,,2008,hitter,84,162,7,6
30,김태완,한화,0.266,124,450,383,102,16,0,23,73,,,,,,,,2008,hitter,44,187,0,6
1,박용택,LG,0.372,111,506,452,168,31,5,18,74,,,,,,,,2009,hitter,91,263,3,9
2,홍성흔,롯데,0.371,119,487,426,158,33,0,12,64,,,,,,,,2009,hitter,71,227,0,7
3,김현수,두산,0.357,133,572,482,172,31,6,23,104,,,,,,,,2009,hitter,97,284,0,6
4,김동주,두산,0.353,105,426,354,125,28,0,19,86,,,,,,,,2009,hitter,63,210,0,3
5,정근우,SK,0.350,127,565,480,168,29,4,9,59,,,,,,,,2009,hitter,98,232,2,5
6,페타지니,LG,0.332,115,498,388,129,16,0,26,100,,,,,,,,2009,hitter,62,223,0,6
7,김상현,KIA,0.315,121,496,448,141,30,2,36,127,,,,,,,,2009,hitter,77,283,0,1
8,이택근,우리,0.311,123,538,456,142,26,0,15,66,,,,,,,,2009,hitter,84,213,1,4
9,김주찬,롯데,0.310,109,479,435,135,30,5,7,51,,,,,,,,2009,hitter,77,196,4,6
10,강봉규,삼성,0.310,126,529,449,139,24,2,20,78,,,,,,,,2009,hitter,89,227,6,1
11,최희섭,KIA,0.308,131,545,435,134,23,0,33,100,,,,,,,,2009,hitter,98,256,0,7
12,강동우,한화,0.302,128,585,506,153,30,2,10,48,,,,,,,,2009,hitter,88,217,4,5
13,최준석,두산,0.302,116,417,361,109,11,0,17,94,,,,,,,,2009,hitter,49,171,0,4
14,정성훈,LG,0.301,121,494,419,126,19,2,10,70,,,,,,,,2009,hitter,62,179,8,4
15,김원섭,KIA,0.301,101,426,356,107,14,9,8,43,,,,,,,,2009,hitter,74,163,5,3
16,이진영,LG,0.300,120,425,380,114,18,1,14,69,,,,,,,,2009,hitter,50,176,2,2
17,이원석,두산,0.298,125,414,376,112,20,4,9,53,,,,,,,,2009,hitter,49,167,0,5
18,이숭용,우리,0.296,114,422,362,107,20,3,4,52,,,,,,,,2009,hitter,47,145,4,6
19,박재상,SK,0.295,133,614,515,152,31,4,15,81,,,,,,,,2009,hitter,84,236,20,5
20,채태인,삼성,0.293,118,425,368,108,26,2,17,72,,,,,,,,2009,hitter,58,189,1,2
21,이대호,롯데,0.293,133,549,478,140,28,1,28,100,,,,,,,,2009,hitter,73,254,0,4
22,신명철,삼성,0.291,124,485,423,123,17,2,20,61,,,,,,,,2009,hitter,71,204,10,3
23,클락,우리,0.290,125,559,486,141,24,4,24,90,,,,,,,,2009,hitter,85,245,0,2
24,김태완,한화,0.289,112,446,360,104,17,2,23,68,,,,,,,,2009,hitter,62,194,0,3
25,손시헌,두산,0.289,121,476,412,119,22,3,11,59,,,,,,,,2009,hitter,56,180,7,3
26,송지만,우리,0.289,115,439,374,108,15,3,22,67,,,,,,,,2009,hitter,69,195,1,4
27,나주환,SK,0.288,118,454,382,110,13,0,15,65,,,,,,,,2009,hitter,60,168,20,4
28,강정호,우리,0.286,133,538,476,136,33,2,23,81,,,,,,,,2009,hitter,73,242,8,5
29,이범호,한화,0.284,126,499,436,124,21,0,25,79,,,,,,,,2009,hitter,64,220,0,3
30,최형우,삼성,0.284,113,481,415,118,24,0,23,83,,,,,,,,2009,hitter,70,211,1,3
1,이대호,롯데,0.364,127,552,478,174,13,0,44,133,,,,,,,,2010,hitter,99,319,0,3
2,홍성흔,롯데,0.350,111,498,431,151,28,1,26,116,,,,,,,,2010,hitter,88,259,1,5
3,조성환,롯데,0.336,111,458,414,139,31,0,8,52,,,,,,,,2010,hitter,83,194,2,3
4,이진영,LG,0.331,104,417,378,125,28,0,7,50,,,,,,,,2010,hitter,56,174,2,4
5,최준석,두산,0.321,127,482,424,136,26,1,22,82,,,,,,,,2010,hitter,63,230,1,2
6,조인성,LG,0.317,133,511,457,145,24,1,28,107,,,,,,,,2010,hitter,69,255,5,5
7,김현수,두산,0.317,132,565,473,150,29,0,24,89,,,,,,,,2010,hitter,88,251,0,8
8,김강민,SK,0.317,115,450,401,127,19,2,10,72,,,,,,,,2010,hitter,74,180,11,3
9,이종욱,두산,0.312,114,471,413,129,16,2,5,45,,,,,,,,2010,hitter,66,164,6,3
10,이용규,KIA,0.307,129,555,472,145,19,1,3,51,,,,,,,,2010,hitter,74,175,7,3
11,박정권,SK,0.306,124,505,431,132,19,4,18,76,,,,,,,,2010,hitter,76,213,2,4
12,손아섭,롯데,0.306,121,487,422,129,23,0,11,47,,,,,,,,2010,hitter,85,185,9,5
13,정근우,SK,0.305,128,563,485,148,25,2,2,48,,,,,,,,2010,hitter,75,183,22,1
14,강민호,롯데,0.305,117,465,410,125,19,1,23,72,,,,,,,,2010,hitter,66,215,0,5
15,박석민,삼성,0.303,112,457,356,108,18,0,15,64,,,,,,,,2010,hitter,58,171,5,5
16,박한이,삼성,0.301,128,470,379,114,21,2,11,63,,,,,,,,2010,hitter,64,172,10,5
17,강정호,넥센,0.301,133,522,449,135,30,2,12,58,,,,,,,,2010,hitter,60,205,3,2
18,정원석,한화,0.300,118,428,353,106,20,3,7,42,,,,,,,,2010,hitter,39,153,11,8
19,최정,SK,0.300,123,493,400,120,31,1,20,80,,,,,,,,2010,hitter,84,213,16,8
19,박용택,LG,0.300,107,420,370,111,21,0,9,45,,,,,,,,2010,hitter,62,159,6,1
21,김동주,두산,0.295,110,470,387,114,22,0,20,67,,,,,,,,2010,hitter,60,196,1,5
22,유한준,넥센,0.291,131,543,481,140,27,0,9,79,,,,,,,,2010,hitter,52,194,8,4
23,안치홍,KIA,0.291,133,537,461,134,21,3,8,50,,,,,,,,2010,hitter,79,185,16,4
24,송지만,넥센,0.291,127,432,375,109,15,1,17,63,,,,,,,,2010,hitter,52,177,2,6
25,이병규,LG,0.290,117,451,404,117,14,1,9,64,,,,,,,,2010,hitter,49,160,4,6
26,최희섭,KIA,0.286,126,532,444,127,22,1,21,84,,,,,,,,2010,hitter,78,214,0,3
27,장민석,넥센,0.283,119,493,435,123,16,10,1,47,,,,,,,,2010,hitter,60,162,12,4
28,신명철,삼성,0.280,125,476,397,111,22,1,9,57,,,,,,,,2010,hitter,56,162,13,6
29,최형우,삼성,0.279,121,506,420,117,29,1,24,97,,,,,,,,2010,hitter,71,220,2,5
30,김주찬,롯데,0.276,118,535,485,134,18,4,9,40,,,,,,,,2010,hitter,89,187,11,3
1,이대호,롯데,0.357,133,570,493,176,26,1,27,113,,,,,,,,2011,hitter,76,285,0,6
2,최형우,삼성,0.340,133,571,480,163,37,3,30,118,,,,,,,,2011,hitter,80,296,0,10
3,이병규,LG,0.338,127,519,485,164,24,0,16,75,,,,,,,,2011,hitter,64,236,2,2
4,이용규,KIA,0.333,111,503,421,140,16,2,3,33,,,,,,,,2011,hitter,84,169,7,3
5,손아섭,롯데,0.326,116,492,442,144,25,5,15,83,,,,,,,,2011,hitter,79,224,1,4
6,안치홍,KIA,0.315,115,433,378,119,21,4,5,46,,,,,,,,2011,hitter,54,163,17,2
7,최정,SK,0.310,113,488,403,125,25,1,20,75,,,,,,,,2011,hitter,64,212,13,6
8,홍성흔,롯데,0.306,132,535,474,145,24,2,6,67,,,,,,,,2011,hitter,70,191,0,5
9,이종욱,두산,0.303,121,499,436,132,11,5,5,44,,,,,,,,2011,hitter,64,168,5,4
10,박용택,LG,0.302,115,450,414,125,21,1,15,64,,,,,,,,2011,hitter,57,193,1,4
11,김현수,두산,0.301,130,561,475,143,25,2,13,91,,,,,,,,2011,hitter,71,211,0,9
12,전준우,롯데,0.301,133,601,539,162,38,5,11,64,,,,,,,,2011,hitter,97,243,2,3
13,이대수,한화,0.301,122,420,366,110,16,3,8,50,,,,,,,,2011,hitter,46,156,14,4
14,양의지,두산,0.301,119,438,376,113,14,3,4,46,,,,,,,,2011,hitter,43,145,11,4
15,정성훈,LG,0.291,127,494,422,123,18,1,10,57,,,,,,,,2011,hitter,61,173,11,7
16,김선빈,KIA,0.290,98,412,335,97,12,2,4,47,,,,,,,,2011,hitter,58,125,20,5
17,황재균,롯데,0.289,117,458,398,115,18,4,12,68,,,,,,,,2011,hitter,62,177,3,8
18,강민호,롯데,0.289,124,506,450,130,25,2,19,66,,,,,,,,2011,hitter,63,216,0,1
19,유한준,넥센,0.289,121,511,447,129,23,2,3,54,,,,,,,,2011,hitter,64,165,4,4
20,강동우,한화,0.288,133,599,518,149,13,3,13,51,,,,,,,,2011,hitter,83,207,12,4
21,김동주,두산,0.286,120,483,406,116,24,1,17,75,,,,,,,,2011,hitter,57,193,0,3
22,정수빈,두산,0.285,128,476,414,118,17,8,1,38,,,,,,,,2011,hitter,66,154,8,3
23,강정호,넥센,0.282,123,504,444,125,22,2,9,63,,,,,,,,2011,hitter,53,178,3,5
24,김상수,삼성,0.278,128,476,406,113,16,4,2,47,,,,,,,,2011,hitter,53,143,15,1
25,박석민,삼성,0.278,128,537,457,127,24,3,15,86,,,,,,,,2011,hitter,74,202,5,3
26,오재원,두산,0.277,129,529,466,129,18,4,6,46,,,,,,,,2011,hitter,73,173,12,3
27,최진행,한화,0.276,127,511,434,120,11,1,19,85,,,,,,,,2011,hitter,63,190,0,3
28,최준석,두산,0.271,124,485,421,114,26,0,15,75,,,,,,,,2011,hitter,49,185,2,5
29,한상훈,한화,0.269,131,485,398,107,12,3,3,39,,,,,,,,2011,hitter,49,134,33,2
30,조인성,LG,0.267,117,441,390,104,14,2,15,59,,,,,,,,2011,hitter,46,167,2,1
1,김태균,한화,0.363,126,513,416,151,24,0,16,80,,,,,,,,2012,hitter,61,223,0,5
2,강정호,넥센,0.314,124,519,436,137,32,0,25,82,,,,,,,,2012,hitter,77,244,1,5
3,손아섭,롯데,0.314,132,556,503,158,26,0,5,58,,,,,,,,2012,hitter,61,199,2,4
4,박석민,삼성,0.312,127,549,443,138,19,3,23,91,,,,,,,,2012,hitter,79,232,2,5
5,정성훈,LG,0.310,107,438,365,113,27,3,12,53,,,,,,,,2012,hitter,50,182,2,5
6,이승엽,삼성,0.307,126,556,488,150,28,2,21,85,,,,,,,,2012,hitter,84,245,1,4
7,이진영,LG,0.307,105,412,365,112,18,0,4,55,,,,,,,,2012,hitter,39,142,0,2
8,박용택,LG,0.305,127,556,499,152,34,3,11,76,,,,,,,,2012,hitter,82,225,1,7
9,박한이,삼성,0.304,111,463,388,118,19,4,1,51,,,,,,,,2012,hitter,61,148,13,3
10,김원섭,KIA,0.303,120,472,386,117,21,4,3,61,,,,,,,,2012,hitter,60,155,12,3
11,이호준,SK,0.300,127,504,426,128,26,0,18,78,,,,,,,,2012,hitter,55,208,0,1
12,이병규,LG,0.300,118,455,420,126,25,1,5,41,,,,,,,,2012,hitter,52,168,5,6
13,최정,SK,0.300,130,553,474,142,33,1,26,84,,,,,,,,2012,hitter,85,255,3,6
14,김주찬,롯데,0.294,118,488,435,128,27,3,5,39,,,,,,,,2012,hitter,62,176,11,5
15,홍성흔,롯데,0.292,113,443,390,114,20,0,15,74,,,,,,,,2012,hitter,48,179,1,3
16,김현수,두산,0.291,122,491,437,127,17,1,7,65,,,,,,,,2012,hitter,47,167,0,5
17,박병호,넥센,0.290,133,560,469,136,34,0,31,105,,,,,,,,2012,hitter,76,263,0,7
18,안치홍,KIA,0.288,132,558,489,141,31,2,3,64,,,,,,,,2012,hitter,60,185,14,7
19,이용규,KIA,0.283,125,580,491,139,14,2,2,37,,,,,,,,2012,hitter,86,163,10,3
20,김선빈,KIA,0.281,126,532,441,124,19,2,5,55,,,,,,,,2012,hitter,63,162,25,6
21,이대수,한화,0.279,118,425,376,105,23,4,4,48,,,,,,,,2012,hitter,36,148,14,5
22,양의지,두산,0.279,122,416,359,100,22,1,5,27,,,,,,,,2012,hitter,39,139,9,1
23,김상수,삼성,0.274,129,489,419,115,18,4,2,36,,,,,,,,2012,hitter,64,147,16,6
24,나지완,KIA,0.274,124,480,398,109,17,1,11,56,,,,,,,,2012,hitter,40,161,8,5
25,강민호,롯데,0.273,119,454,400,109,21,0,19,66,,,,,,,,2012,hitter,41,187,0,2
26,황재균,롯데,0.272,133,504,448,122,19,1,4,51,,,,,,,,2012,hitter,42,155,11,2
27,김강민,SK,0.272,123,474,427,116,20,0,5,31,,,,,,,,2012,hitter,49,151,11,3
28,최형우,삼성,0.271,125,531,461,125,27,1,14,77,,,,,,,,2012,hitter,51,196,0,10
29,서건창,넥센,0.266,127,501,433,115,21,10,1,40,,,,,,,,2012,hitter,70,159,13,3
30,정근우,SK,0.266,127,534,467,124,13,4,8,46,,,,,,,,2012,hitter,53,169,12,2
1,이병규,LG,0.348,98,401,374,130,19,3,5,74,,,,,,,,2013,hitter,39,170,0,3
2,손아섭,롯데,0.345,128,568,498,172,23,4,11,69,,,,,,,,2013,hitter,83,236,0,3
3,이진영,LG,0.329,106,411,368,121,26,1,3,62,,,,,,,,2013,hitter,41,158,1,3
4,박용택,LG,0.328,125,539,476,156,22,4,7,67,,,,,,,,2013,hitter,79,207,0,7
5,김태균,한화,0.319,101,430,345,110,24,0,10,52,,,,,,,,2013,hitter,41,164,0,4
6,민병헌,두산,0.319,119,449,383,122,21,7,9,65,,,,,,,,2013,hitter,71,184,12,7
7,박석민,삼성,0.318,117,474,396,126,24,0,18,76,,,,,,,,2013,hitter,61,204,0,2
8,박병호,넥센,0.318,128,556,450,143,17,0,37,117,,,,,,,,2013,hitter,91,271,0,6
9,최정,SK,0.316,120,525,434,137,18,0,28,83,,,,,,,,2013,hitter,75,239,1,2
10,정성훈,LG,0.312,121,477,407,127,22,1,9,62,,,,,,,,2013,hitter,64,178,0,4
11,신종길,KIA,0.310,104,427,377,117,22,5,4,50,,,,,,,,2013,hitter,55,161,11,4
12,이종욱,두산,0.307,110,456,401,123,23,6,6,52,,,,,,,,2013,hitter,77,176,12,2
13,최형우,삼성,0.305,128,573,511,156,28,0,29,98,,,,,,,,2013,hitter,80,271,0,8
14,김현수,두산,0.302,122,510,434,131,23,1,16,90,,,,,,,,2013,hitter,63,204,0,12
15,김강민,SK,0.301,105,397,352,106,22,3,10,55,,,,,,,,2013,hitter,39,164,2,3
16,최진행,한화,0.300,106,422,367,110,27,0,8,53,,,,,,,,2013,hitter,39,161,1,1
17,홍성흔,두산,0.299,127,538,469,140,21,0,15,72,,,,,,,,2013,hitter,61,206,3,3
18,김상수,삼성,0.298,115,422,372,111,17,3,7,44,,,,,,,,2013,hitter,57,155,9,6
19,배영섭,삼성,0.295,113,476,393,116,16,4,2,38,,,,,,,,2013,hitter,66,146,8,3
20,이용규,KIA,0.295,100,453,390,115,20,1,2,22,,,,,,,,2013,hitter,74,143,10,2
21,박정권,SK,0.292,110,434,363,106,20,1,18,70,,,,,,,,2013,hitter,56,182,0,6
22,강정호,넥센,0.291,126,532,450,131,21,1,22,96,,,,,,,,2013,hitter,67,220,2,6
23,나지완,KIA,0.287,125,522,435,125,18,0,21,96,,,,,,,,2013,hitter,57,206,1,5
24,이택근,넥센,0.287,123,536,477,137,31,1,9,66,,,,,,,,2013,hitter,73,197,6,7
25,정현석,한화,0.287,121,403,356,102,15,1,4,27,,,,,,,,2013,hitter,47,131,3,0
26,박한이,삼성,0.284,112,466,394,112,12,3,6,55,,,,,,,,2013,hitter,56,148,18,2
27,김민성,넥센,0.282,128,523,458,129,24,2,15,72,,,,,,,,2013,hitter,60,202,3,4
28,조영훈,NC,0.282,120,426,380,107,26,3,6,39,,,,,,,,2013,hitter,38,157,3,2
29,정근우,SK,0.280,112,476,407,114,19,3,9,35,,,,,,,,2013,hitter,64,166,11,1
30,이호준,NC,0.278,126,508,442,123,25,1,20,87,,,,,,,,2013,hitter,46,210,0,5
1,서건창,넥센,0.370,128,616,543,201,41,17,7,67,,,,,,,,2014,hitter,135,297,4,2
2,김태균,한화,0.365,118,508,422,154,30,0,18,84,,,,,,,,2014,hitter,66,238,0,5
3,손아섭,롯데,0.362,122,570,483,175,25,3,18,80,,,,,,,,2014,hitter,105,260,0,2
4,강정호,넥센,0.356,117,501,418,149,36,2,40,117,,,,,,,,2014,hitter,103,309,0,2
5,최형우,삼성,0.356,113,493,430,153,33,0,31,100,,,,,,,,2014,hitter,92,279,0,6
6,김주찬,KIA,0.346,100,442,399,138,32,4,9,46,,,,,,,,2014,hitter,72,205,6,2
7,민병헌,두산,0.345,124,527,470,162,31,3,12,79,,,,,,,,2014,hitter,85,235,8,6
8,테임즈,NC,0.343,125,514,443,152,30,6,37,121,,,,,,,,2014,hitter,95,305,0,6
9,박용택,LG,0.343,124,549,464,159,24,2,9,73,,,,,,,,2014,hitter,71,214,2,7
10,안치홍,KIA,0.339,126,479,434,147,31,2,18,88,,,,,,,,2014,hitter,65,236,2,4
11,이재원,SK,0.337,120,484,412,139,30,2,12,83,,,,,,,,2014,hitter,48,209,0,11
12,박한이,삼성,0.331,125,567,472,156,22,2,9,80,,,,,,,,2014,hitter,83,209,24,5
13,나성범,NC,0.329,123,536,477,157,28,5,30,101,,,,,,,,2014,hitter,88,285,1,1
14,정성훈,LG,0.329,112,455,383,126,25,1,13,59,,,,,,,,2014,hitter,71,192,2,4
15,피에,한화,0.326,119,498,445,145,33,2,17,92,,,,,,,,2014,hitter,61,233,0,12
16,이진영,LG,0.325,119,468,412,134,19,2,6,65,,,,,,,,2014,hitter,53,175,2,9
17,이대형,KIA,0.323,126,505,461,149,15,9,1,40,,,,,,,,2014,hitter,75,185,5,2
18,김현수,두산,0.322,125,528,463,149,26,0,17,90,,,,,,,,2014,hitter,75,226,0,5
19,황재균,롯데,0.321,128,550,486,156,33,3,12,76,,,,,,,,2014,hitter,66,231,4,4
20,오재원,두산,0.318,110,420,359,114,21,6,5,40,,,,,,,,2014,hitter,60,162,9,0
21,채태인,삼성,0.317,124,541,492,156,38,1,14,99,,,,,,,,2014,hitter,69,238,0,6
22,송광민,한화,0.316,103,421,389,123,22,2,11,58,,,,,,,,2014,hitter,52,182,4,2
23,유한준,넥센,0.316,122,469,405,128,31,0,20,91,,,,,,,,2014,hitter,71,219,8,7
24,홍성흔,두산,0.315,124,521,447,141,19,1,20,82,,,,,,,,2014,hitter,63,222,5,1
25,박석민,삼성,0.315,110,425,356,112,21,0,27,72,,,,,,,,2014,hitter,77,214,0,3
26,나지완,KIA,0.312,118,470,398,124,22,0,19,79,,,,,,,,2014,hitter,64,203,0,6
27,박정권,SK,0.310,120,499,452,140,33,2,27,109,,,,,,,,2014,hitter,81,258,0,4
28,박종윤,롯데,0.309,123,476,440,136,31,4,7,73,,,,,,,,2014,hitter,59,196,4,6
29,칸투,두산,0.309,111,419,376,116,25,1,18,72,,,,,,,,2014,hitter,56,197,0,2
30,이승엽,삼성,0.308,127,548,506,156,30,0,32,101,,,,,,,,2014,hitter,83,282,0,2
1,테임즈,NC,0.381,142,595,472,180,42,5,47,140,,,,,,,,2015,hitter,130,373,0,7
2,유한준,넥센,0.362,139,598,520,188,42,1,23,116,,,,,,,,2015,hitter,103,301,1,8
3,구자욱,삼성,0.349,116,465,410,143,33,5,11,57,,,,,,,,2015,hitter,97,219,0,4
4,마르테,KT,0.348,115,487,425,148,32,1,20,89,,,,,,,,2015,hitter,85,242,0,8
5,박병호,넥센,0.343,140,622,528,181,35,1,53,146,,,,,,,,2015,hitter,129,377,0,4
6,이용규,한화,0.341,124,585,493,168,15,7,4,42,,,,,,,,2015,hitter,94,209,11,4
7,이승엽,삼성,0.332,122,522,470,156,28,1,26,90,,,,,,,,2015,hitter,87,264,0,6
8,박용택,LG,0.326,128,533,487,159,28,2,18,83,,,,,,,,2015,hitter,66,245,1,7
9,나성범,NC,0.326,144,622,564,184,34,5,28,135,,,,,,,,2015,hitter,112,312,3,8
10,김현수,두산,0.326,141,630,512,167,26,0,28,121,,,,,,,,2015,hitter,103,277,0,9
11,양의지,두산,0.326,132,513,442,144,27,0,20,93,,,,,,,,2015,hitter,70,231,2,6
12,필,KIA,0.325,143,591,536,174,35,1,22,101,,,,,,,,2015,hitter,81,277,0,9
13,박석민,삼성,0.321,135,559,448,144,25,0,26,116,,,,,,,,2015,hitter,90,247,1,8
14,최형우,삼성,0.318,144,637,547,174,33,1,33,123,,,,,,,,2015,hitter,94,308,0,8
15,손아섭,롯데,0.317,116,517,445,141,28,1,13,54,,,,,,,,2015,hitter,86,210,0,3
16,허경민,두산,0.317,117,453,404,128,20,2,1,41,,,,,,,,2015,hitter,64,155,8,3
17,정근우,한화,0.316,126,552,468,148,30,2,12,66,,,,,,,,2015,hitter,99,218,13,2
18,김태균,한화,0.316,133,524,408,129,28,0,21,104,,,,,,,,2015,hitter,61,220,1,5
19,이명기,SK,0.315,137,582,521,164,30,2,3,35,,,,,,,,2015,hitter,88,207,11,4
20,아두치,롯데,0.314,132,594,526,165,34,5,28,106,,,,,,,,2015,hitter,105,293,1,4
21,강민호,롯데,0.311,123,456,380,118,18,1,35,86,,,,,,,,2015,hitter,63,243,0,2
22,김재호,두산,0.307,133,488,410,126,24,3,3,50,,,,,,,,2015,hitter,63,165,14,7
23,최준석,롯데,0.306,144,618,507,155,18,1,31,109,,,,,,,,2015,hitter,78,268,1,1
24,박민우,NC,0.304,141,617,520,158,31,6,3,47,,,,,,,,2015,hitter,111,210,3,7
25,민병헌,두산,0.303,129,561,491,149,20,2,12,75,,,,,,,,2015,hitter,80,209,6,6
26,김민성,넥센,0.303,118,489,445,135,24,0,16,71,,,,,,,,2015,hitter,60,207,2,3
27,이대형,KT,0.302,140,616,546,165,23,3,0,37,,,,,,,,2015,hitter,86,194,10,1
28,정훈,롯데,0.300,135,562,486,146,27,2,9,62,,,,,,,,2015,hitter,85,204,7,3
29,김성현,SK,0.297,129,449,397,118,20,0,8,48,,,,,,,,2015,hitter,49,162,12,2
30,정수빈,두산,0.295,128,570,491,145,27,7,2,59,,,,,,,,2015,hitter,79,192,19,6
1,최형우,삼성,0.376,138,618,519,195,46,2,31,144,,,,,,,,2016,hitter,99,338,0,7
2,김태균,한화,0.365,144,652,529,193,39,0,23,136,,,,,,,,2016,hitter,94,301,0,6
3,이용규,한화,0.352,113,530,452,159,20,4,3,41,,,,,,,,2016,hitter,98,196,7,1
4,김주찬,KIA,0.346,130,555,511,177,37,3,23,101,,,,,,,,2016,hitter,97,289,1,6
5,박용택,LG,0.346,138,578,509,176,24,0,11,90,,,,,,,,2016,hitter,84,233,0,7
6,구자욱,삼성,0.343,108,495,428,147,19,13,14,77,,,,,,,,2016,hitter,105,234,2,5
7,박민우,NC,0.343,121,515,435,149,16,6,3,55,,,,,,,,2016,hitter,84,186,10,7
8,유한준,KT,0.336,110,460,408,137,22,0,14,64,,,,,,,,2016,hitter,70,201,0,3
9,황재균,롯데,0.335,127,559,498,167,26,5,27,113,,,,,,,,2016,hitter,97,284,0,8
10,박건우,두산,0.335,132,540,484,162,36,4,20,83,,,,,,,,2016,hitter,95,266,4,5
11,고종욱,넥센,0.334,133,566,527,176,22,9,8,72,,,,,,,,2016,hitter,92,240,1,5
12,김재환,두산,0.325,134,568,492,160,32,3,37,124,,,,,,,,2016,hitter,107,309,0,5
13,송광민,한화,0.325,116,494,449,146,27,2,17,83,,,,,,,,2016,hitter,80,228,7,6
14,김문호,롯데,0.325,140,599,526,171,28,3,7,70,,,,,,,,2016,hitter,77,226,3,2
15,서건창,넥센,0.325,140,646,560,182,30,7,7,63,,,,,,,,2016,hitter,111,247,3,4
16,민병헌,두산,0.325,134,579,511,166,31,4,16,87,,,,,,,,2016,hitter,98,253,1,4
17,손아섭,롯데,0.323,144,672,575,186,33,1,16,81,,,,,,,,2016,hitter,118,269,0,2
18,강민호,롯데,0.323,116,460,381,123,26,0,20,72,,,,,,,,2016,hitter,65,209,0,3
19,로사리오,한화,0.321,127,532,492,158,31,2,33,120,,,,,,,,2016,hitter,78,292,1,2
20,테임즈,NC,0.321,123,529,436,140,30,3,40,121,,,,,,,,2016,hitter,118,296,0,7
21,이대형,KT,0.320,143,654,600,192,14,3,1,42,,,,,,,,2016,hitter,89,215,7,1
22,김성현,SK,0.319,138,530,479,153,28,0,8,65,,,,,,,,2016,hitter,66,205,5,7
23,오재일,두산,0.316,105,455,380,120,20,2,27,92,,,,,,,,2016,hitter,69,225,2,7
24,박경수,KT,0.313,121,476,402,126,22,1,20,80,,,,,,,,2016,hitter,64,210,0,4
25,채은성,LG,0.313,128,451,403,126,20,3,9,81,,,,,,,,2016,hitter,64,179,2,8
26,필,KIA,0.313,132,544,499,156,37,1,20,86,,,,,,,,2016,hitter,71,255,0,7
27,정의윤,SK,0.311,144,616,576,179,32,1,27,100,,,,,,,,2016,hitter,68,294,0,5
28,김재호,두산,0.310,137,496,416,129,27,3,7,78,,,,,,,,2016,hitter,69,183,5,13
29,이범호,KIA,0.310,138,560,484,150,23,0,33,108,,,,,,,,2016,hitter,93,272,0,7
30,정근우,한화,0.310,138,650,575,178,31,2,18,88,,,,,,,,2016,hitter,121,267,1,5
1,김선빈,KIA,0.370,137,529,476,176,34,1,5,64,,,,,,,,2017,hitter,84,227,5,4
2,박건우,두산,0.366,131,543,483,177,40,2,20,78,,,,,,,,2017,hitter,91,281,5,4
3,박민우,NC,0.363,106,452,388,141,25,4,3,47,,,,,,,,2017,hitter,84,183,3,4
4,나성범,NC,0.347,125,561,498,173,42,2,24,99,,,,,,,,2017,hitter,103,291,0,3
5,박용택,LG,0.344,138,596,509,175,23,2,14,90,,,,,,,,2017,hitter,83,244,0,9
6,최형우,KIA,0.342,142,629,514,176,36,3,26,120,,,,,,,,2017,hitter,98,296,0,8
7,김재환,두산,0.340,144,636,544,185,34,2,35,115,,,,,,,,2017,hitter,110,328,0,4
8,로사리오,한화,0.339,119,510,445,151,30,1,37,111,,,,,,,,2017,hitter,100,294,0,5
9,손아섭,롯데,0.335,144,667,576,193,35,4,20,80,,,,,,,,2017,hitter,113,296,1,3
10,서건창,넥센,0.332,139,615,539,179,28,3,6,76,,,,,,,,2017,hitter,87,231,2,6
11,이명기,KIA,0.332,115,512,464,154,24,4,9,63,,,,,,,,2017,hitter,79,213,14,3
12,송광민,한화,0.327,117,473,437,143,26,0,13,75,,,,,,,,2017,hitter,71,208,4,8
13,이정후,넥센,0.324,144,622,552,179,29,8,2,47,,,,,,,,2017,hitter,111,230,2,2
14,전준우,롯데,0.321,110,496,455,146,27,1,18,69,,,,,,,,2017,hitter,76,229,2,2
15,이대호,롯데,0.320,142,608,540,173,13,0,34,111,,,,,,,,2017,hitter,73,288,0,3
16,버나디나,KIA,0.320,139,621,557,178,26,8,27,111,,,,,,,,2017,hitter,118,301,3,9
17,최정,SK,0.316,130,527,430,136,18,1,46,113,,,,,,,,2017,hitter,89,294,0,8
18,안치홍,KIA,0.316,132,545,487,154,29,2,21,93,,,,,,,,2017,hitter,95,250,6,5
19,러프,삼성,0.315,134,591,515,162,38,0,31,124,,,,,,,,2017,hitter,90,293,0,4
20,윤석민,KT,0.312,142,586,538,168,30,1,20,105,,,,,,,,2017,hitter,90,260,0,7
21,모창민,NC,0.312,136,527,474,148,25,3,17,90,,,,,,,,2017,hitter,64,230,3,9
22,고종욱,넥센,0.312,123,453,426,133,24,8,8,54,,,,,,,,2017,hitter,70,197,0,2
23,구자욱,삼성,0.310,144,647,564,175,39,10,21,107,,,,,,,,2017,hitter,108,297,0,10
24,김주찬,KIA,0.309,122,478,440,136,39,2,12,70,,,,,,,,2017,hitter,78,215,2,1
25,오재일,두산,0.306,128,466,412,126,27,0,26,89,,,,,,,,2017,hitter,62,231,1,3
26,유한준,KT,0.306,133,497,445,136,19,0,13,68,,,,,,,,2017,hitter,52,194,2,3
27,민병헌,두산,0.304,123,520,447,136,21,0,14,71,,,,,,,,2017,hitter,73,199,1,6
28,강한울,삼성,0.303,135,448,412,125,9,3,0,24,,,,,,,,2017,hitter,58,140,9,1
29,번즈,롯데,0.303,116,468,423,128,38,0,15,57,,,,,,,,2017,hitter,71,211,2,3
30,김하성,넥센,0.302,141,601,526,159,36,3,23,114,,,,,,,,2017,hitter,90,270,2,7
1,김현수,LG,0.362,117,511,453,164,39,2,20,101,,,,,,,,2018,hitter,95,267,0,10
2,양의지,두산,0.358,133,503,439,157,29,1,23,77,,,,,,,,2018,hitter,84,257,0,6
3,이정후,넥센,0.355,109,520,459,163,34,2,6,57,,,,,,,,2018,hitter,81,219,3,8
4,박병호,넥센,0.345,113,488,400,138,20,0,43,112,,,,,,,,2018,hitter,88,287,0,3
5,안치홍,KIA,0.342,130,549,494,169,38,1,23,118,,,,,,,,2018,hitter,88,278,0,9
6,전준우,롯데,0.342,144,614,556,190,36,2,33,90,,,,,,,,2018,hitter,118,329,1,2
7,김주찬,KIA,0.340,121,471,429,146,23,0,18,93,,,,,,,,2018,hitter,71,223,2,10
8,최형우,KIA,0.339,143,609,528,179,34,1,25,103,,,,,,,,2018,hitter,92,290,0,8
9,유한준,KT,0.339,121,480,428,145,21,1,20,83,,,,,,,,2018,hitter,59,228,2,1
10,김재환,두산,0.334,139,602,527,176,36,1,44,133,,,,,,,,2018,hitter,104,346,0,7
11,최주환,두산,0.333,138,590,519,173,39,6,26,108,,,,,,,,2018,hitter,87,302,0,10
11,이대호,롯데,0.333,144,604,543,181,30,0,37,125,,,,,,,,2018,hitter,81,322,0,4
13,구자욱,삼성,0.333,116,529,478,159,26,5,20,84,,,,,,,,2018,hitter,100,255,1,2
14,채은성,LG,0.331,139,578,529,175,36,2,25,119,,,,,,,,2018,hitter,78,290,0,5
15,러프,삼성,0.330,137,597,506,167,32,4,33,125,,,,,,,,2018,hitter,97,306,0,8
16,이재원,SK,0.329,130,471,407,134,24,0,17,57,,,,,,,,2018,hitter,63,209,4,5
17,손아섭,롯데,0.329,141,625,553,182,32,5,26,93,,,,,,,,2018,hitter,109,302,1,1
18,박건우,두산,0.326,125,529,488,159,24,6,12,84,,,,,,,,2018,hitter,79,231,1,2
19,허경민,두산,0.324,133,577,516,167,30,5,10,79,,,,,,,,2018,hitter,85,237,5,8
20,박민우,NC,0.324,115,460,411,133,22,5,5,33,,,,,,,,2018,hitter,68,180,3,4
21,나성범,NC,0.318,144,620,556,177,36,3,23,91,,,,,,,,2018,hitter,110,288,0,5
22,민병헌,롯데,0.318,118,494,443,141,21,0,17,66,,,,,,,,2018,hitter,74,213,2,6
23,로맥,SK,0.316,141,616,528,167,19,0,43,107,,,,,,,,2018,hitter,102,315,0,6
24,이형종,LG,0.316,118,485,437,138,27,0,13,42,,,,,,,,2018,hitter,83,204,5,0
25,오재원,두산,0.313,132,521,473,148,24,1,15,81,,,,,,,,2018,hitter,78,219,3,2
26,노수광,SK,0.313,135,588,515,161,21,8,8,53,,,,,,,,2018,hitter,93,222,9,3
27,김재호,두산,0.311,131,467,402,125,20,0,16,75,,,,,,,,2018,hitter,78,193,3,6
28,버나디나,KIA,0.310,131,590,513,159,25,3,20,70,,,,,,,,2018,hitter,106,250,3,1
29,호잉,한화,0.306,142,590,529,162,47,2,30,110,,,,,,,,2018,hitter,85,303,0,5
30,로하스,KT,0.305,144,645,564,172,30,1,43,114,,,,,,,,2018,hitter,114,333,1,2
1,양의지,NC,0.354,118,459,390,138,26,0,20,68,,,,,,,,2019,hitter,61,224,0,6
2,페르난데스,두산,0.344,144,645,572,197,34,0,15,88,,,,,,,,2019,hitter,87,276,0,6
3,박민우,NC,0.344,125,526,468,161,23,8,1,45,,,,,,,,2019,hitter,89,203,2,6
4,이정후,키움,0.336,140,630,574,193,31,10,6,68,,,,,,,,2019,hitter,91,262,3,4
5,강백호,KT,0.336,116,505,438,147,29,1,13,65,,,,,,,,2019,hitter,72,217,0,4
6,고종욱,SK,0.323,137,513,492,159,25,7,3,56,,,,,,,,2019,hitter,76,207,0,2
7,로하스,KT,0.322,142,578,521,168,30,3,24,104,,,,,,,,2019,hitter,68,276,0,5
8,박건우,두산,0.319,127,537,458,146,27,5,10,64,,,,,,,,2019,hitter,83,213,1,11
9,유한준,KT,0.317,139,562,501,159,19,1,14,86,,,,,,,,2019,hitter,61,222,0,5
10,채은성,LG,0.315,128,514,470,148,18,1,12,72,,,,,,,,2019,hitter,59,204,0,8
11,이천웅,LG,0.308,138,613,546,168,24,3,2,48,,,,,,,,2019,hitter,88,204,4,1
12,김하성,키움,0.307,139,625,540,166,38,2,19,104,,,,,,,,2019,hitter,112,265,1,7
13,김태균,한화,0.305,127,500,433,132,21,0,6,62,,,,,,,,2019,hitter,47,171,0,8
14,샌즈,키움,0.305,139,613,525,160,39,1,28,113,,,,,,,,2019,hitter,100,285,0,5
15,김현수,LG,0.304,140,595,526,160,37,0,11,82,,,,,,,,2019,hitter,75,230,0,9
16,전준우,롯데,0.301,141,606,545,164,30,1,22,83,,,,,,,,2019,hitter,85,262,1,7
17,서건창,키움,0.300,113,486,426,128,23,3,2,41,,,,,,,,2019,hitter,67,163,3,5
18,최형우,KIA,0.300,136,555,456,137,31,1,17,86,,,,,,,,2019,hitter,65,221,0,7
19,김헌곤,삼성,0.297,114,467,411,122,20,1,5,46,,,,,,,,2019,hitter,57,159,5,6
20,손아섭,롯데,0.295,134,568,512,151,22,1,10,63,,,,,,,,2019,hitter,78,205,1,2
21,이명기,NC,0.293,139,547,484,142,17,3,2,36,,,,,,,,2019,hitter,62,171,7,4
22,오재일,두산,0.293,130,529,467,137,29,1,21,102,,,,,,,,2019,hitter,76,231,0,4
23,러프,삼성,0.292,133,568,472,138,35,2,22,101,,,,,,,,2019,hitter,80,243,0,9
24,최정,SK,0.292,141,606,503,147,27,0,29,99,,,,,,,,2019,hitter,86,261,0,8
25,김선빈,KIA,0.292,121,447,394,115,22,0,3,40,,,,,,,,2019,hitter,55,146,5,4
26,최재훈,한화,0.290,135,451,373,108,18,0,3,31,,,,,,,,2019,hitter,47,135,4,4
27,허경민,두산,0.288,133,540,475,137,25,1,4,60,,,,,,,,2019,hitter,71,176,3,11
28,이형종,LG,0.286,120,482,419,120,24,1,13,63,,,,,,,,2019,hitter,56,185,1,10
29,이대호,롯데,0.285,135,549,485,138,23,1,16,88,,,,,,,,2019,hitter,48,211,0,7
30,호잉,한화,0.284,124,525,476,135,26,2,18,73,,,,,,,,2019,hitter,74,219,1,5
1,최형우,KIA,0.354,140,600,522,185,37,1,28,115,,,,,,,,2020,hitter,93,308,0,3
2,손아섭,롯데,0.352,141,611,540,190,43,0,11,85,,,,,,,,2020,hitter,98,266,1,7
3,로하스,KT,0.349,142,628,550,192,39,1,47,135,,,,,,,,2020,hitter,116,374,0,8
4,박민우,NC,0.345,126,530,467,161,27,5,8,63,,,,,,,,2020,hitter,82,222,2,10
5,페르난데스,두산,0.340,144,668,586,199,29,0,21,105,,,,,,,,2020,hitter,104,291,0,11
6,이정후,키움,0.333,140,617,544,181,49,5,15,101,,,,,,,,2020,hitter,85,285,2,8
7,허경민,두산,0.332,117,487,437,145,25,1,7,58,,,,,,,,2020,hitter,70,193,3,7
8,김현수,LG,0.331,142,619,547,181,35,2,22,119,,,,,,,,2020,hitter,98,286,0,7
9,강백호,KT,0.330,129,574,500,165,36,1,23,89,,,,,,,,2020,hitter,95,272,0,3
10,양의지,NC,0.328,130,528,461,151,26,1,33,124,,,,,,,,2020,hitter,86,278,1,6
11,나성범,NC,0.324,130,584,525,170,37,2,34,112,,,,,,,,2020,hitter,115,313,0,1
12,황재균,KT,0.312,134,600,541,169,35,5,21,97,,,,,,,,2020,hitter,108,277,3,4
13,김동엽,삼성,0.312,115,451,413,129,21,0,20,74,,,,,,,,2020,hitter,60,210,1,4
14,오재일,두산,0.312,127,534,471,147,32,0,16,89,,,,,,,,2020,hitter,62,227,0,2
15,구자욱,삼성,0.307,118,510,446,137,27,2,15,78,,,,,,,,2020,hitter,70,213,1,4
16,최주환,두산,0.306,140,574,509,156,29,4,16,88,,,,,,,,2020,hitter,63,241,1,10
17,터커,KIA,0.306,142,631,542,166,40,0,32,113,,,,,,,,2020,hitter,100,302,0,4
18,박석민,NC,0.306,123,448,356,109,15,0,14,63,,,,,,,,2020,hitter,58,166,2,4
19,이명기,NC,0.306,136,540,477,146,18,3,2,45,,,,,,,,2020,hitter,82,176,5,4
20,김하성,키움,0.306,138,622,533,163,24,1,30,109,,,,,,,,2020,hitter,111,279,3,3
21,김상수,삼성,0.304,120,471,404,123,18,3,5,47,,,,,,,,2020,hitter,71,162,2,2
22,박건우,두산,0.304,129,551,487,148,40,0,14,70,,,,,,,,2020,hitter,103,230,3,7
23,오지환,LG,0.300,141,591,527,158,41,7,10,71,,,,,,,,2020,hitter,95,243,5,5
24,정수빈,두산,0.298,141,559,490,146,17,8,5,59,,,,,,,,2020,hitter,84,194,7,5
25,조용호,KT,0.296,132,482,409,121,15,0,0,32,,,,,,,,2020,hitter,73,136,5,2
26,정훈,롯데,0.295,111,476,410,121,19,1,11,58,,,,,,,,2020,hitter,72,175,2,4
27,채은성,LG,0.293,109,464,416,122,17,2,15,88,,,,,,,,2020,hitter,59,188,0,7
28,이대호,롯데,0.292,144,611,542,158,27,0,20,110,,,,,,,,2020,hitter,67,245,0,11
29,나지완,KIA,0.291,137,556,468,136,19,1,17,92,,,,,,,,2020,hitter,73,208,0,6
30,박해민,삼성,0.290,132,541,489,142,18,5,11,55,,,,,,,,2020,hitter,84,203,7,3
1,이정후,키움,0.360,123,544,464,167,42,6,7,84,,,,,,,,2021,hitter,78,242,0,9
2,전준우,롯데,0.348,144,619,552,192,46,0,7,92,,,,,,,,2021,hitter,88,259,1,8
3,강백호,KT,0.347,142,627,516,179,40,1,16,102,,,,,,,,2021,hitter,76,269,0,8
4,홍창기,LG,0.328,144,651,524,172,26,2,4,52,,,,,,,,2021,hitter,103,214,0,2
5,박건우,두산,0.325,126,525,458,149,31,2,6,63,,,,,,,,2021,hitter,82,202,0,6
6,양의지,NC,0.325,141,570,480,156,29,2,30,111,,,,,,,,2021,hitter,81,279,0,10
7,손아섭,롯데,0.319,139,610,542,173,29,2,3,58,,,,,,,,2021,hitter,88,215,3,1
8,페르난데스,두산,0.315,141,617,540,170,24,0,15,81,,,,,,,,2021,hitter,73,239,0,6
9,김선빈,KIA,0.307,130,564,501,154,32,0,5,67,,,,,,,,2021,hitter,55,201,1,5
10,안치홍,롯데,0.306,119,490,421,129,30,2,10,82,,,,,,,,2021,hitter,58,193,5,9
11,구자욱,삼성,0.306,139,610,543,166,30,10,22,88,,,,,,,,2021,hitter,107,282,1,12
12,김혜성,키움,0.304,144,635,559,170,20,3,3,66,,,,,,,,2021,hitter,99,205,0,10
13,박성한,SSG,0.302,135,471,407,123,21,1,4,44,,,,,,,,2021,hitter,53,158,12,2
14,이용규,키움,0.296,133,547,459,136,16,8,1,43,,,,,,,,2021,hitter,88,171,6,6
15,최원준,KIA,0.295,143,668,589,174,21,6,4,44,,,,,,,,2021,hitter,82,219,4,3
16,정훈,롯데,0.292,135,561,486,142,27,1,14,79,,,,,,,,2021,hitter,70,213,1,3
17,황재균,KT,0.291,117,507,453,132,16,2,10,56,,,,,,,,2021,hitter,74,182,1,4
18,박해민,삼성,0.291,127,542,454,132,22,1,5,54,,,,,,,,2021,hitter,78,171,9,7
19,강민호,삼성,0.291,123,462,406,118,22,0,18,67,,,,,,,,2021,hitter,55,194,0,7
20,이대호,롯데,0.286,114,465,420,120,11,0,19,81,,,,,,,,2021,hitter,39,188,0,6
20,피렐라,삼성,0.286,140,621,553,158,25,2,29,97,,,,,,,,2021,hitter,102,274,0,3
22,오재일,삼성,0.285,120,484,418,119,20,0,25,97,,,,,,,,2021,hitter,64,214,0,8
23,김현수,LG,0.285,140,595,506,144,23,1,17,96,,,,,,,,2021,hitter,70,220,0,9
24,정은원,한화,0.283,139,608,495,140,22,5,6,39,,,,,,,,2021,hitter,85,190,4,3
25,나성범,NC,0.281,144,623,570,160,29,1,33,101,,,,,,,,2021,hitter,96,290,0,4
26,마차도,롯데,0.279,134,539,466,130,21,1,5,58,,,,,,,,2021,hitter,83,168,4,7
27,한유섬,SSG,0.278,135,519,442,123,18,1,31,95,,,,,,,,2021,hitter,71,236,1,6
28,허경민,두산,0.278,136,518,468,130,24,1,5,59,,,,,,,,2021,hitter,61,171,3,3
29,최정,SSG,0.278,134,555,436,121,17,1,35,100,,,,,,,,2021,hitter,92,245,1,12
30,채은성,LG,0.276,110,448,387,107,20,0,16,82,,,,,,,,2021,hitter,59,175,0,7
1,이정후,키움,0.349,142,627,553,193,36,10,23,113,,,,,,,,2022,hitter,85,318,0,3
2,피렐라,삼성,0.342,141,630,561,192,33,4,28,109,,,,,,,,2022,hitter,102,317,0,2
3,박건우,NC,0.336,111,463,408,137,18,1,10,61,,,,,,,,2022,hitter,52,187,0,3
4,이대호,롯데,0.331,142,591,540,179,23,0,23,101,,,,,,,,2022,hitter,53,271,0,6
5,나성범,KIA,0.320,144,649,563,180,39,2,21,97,,,,,,,,2022,hitter,92,286,0,5
6,김혜성,키움,0.318,129,566,516,164,18,7,4,48,,,,,,,,2022,hitter,81,208,0,3
7,문보경,LG,0.315,126,466,406,128,22,3,9,56,,,,,,,,2022,hitter,52,183,5,7
8,소크라테스,KIA,0.311,127,554,514,160,29,7,17,77,,,,,,,,2022,hitter,83,254,0,4
9,페르난데스,두산,0.309,139,550,508,157,28,0,6,77,,,,,,,,2022,hitter,52,203,0,5
10,조용호,KT,0.308,131,531,474,146,18,4,3,44,,,,,,,,2022,hitter,52,181,2,3
11,한동희,롯데,0.307,129,499,456,140,27,0,14,65,,,,,,,,2022,hitter,43,209,0,4
12,전준우,롯데,0.304,120,517,470,143,31,1,11,68,,,,,,,,2022,hitter,73,209,0,9
13,최지훈,SSG,0.304,144,640,569,173,32,4,10,61,,,,,,,,2022,hitter,93,243,13,4
14,박성한,SSG,0.298,140,564,494,147,24,4,2,56,,,,,,,,2022,hitter,68,185,6,2
15,마티니,NC,0.296,139,576,510,151,34,1,16,85,,,,,,,,2022,hitter,67,235,0,7
16,채은성,LG,0.296,126,526,467,138,26,2,12,83,,,,,,,,2022,hitter,48,204,0,11
17,박해민,LG,0.289,144,636,570,165,20,8,3,49,,,,,,,,2022,hitter,97,210,7,6
18,허경민,두산,0.289,121,493,432,125,23,0,8,60,,,,,,,,2022,hitter,59,172,2,7
19,터크먼,한화,0.289,144,648,575,166,37,4,12,43,,,,,,,,2022,hitter,88,247,0,2
20,김선빈,KIA,0.287,140,587,505,145,23,0,3,61,,,,,,,,2022,hitter,51,177,7,3
21,김현수,LG,0.286,141,604,524,150,25,2,23,106,,,,,,,,2022,hitter,78,248,0,3
22,홍창기,LG,0.286,118,525,437,125,19,4,1,51,,,,,,,,2022,hitter,76,155,5,5
23,안치홍,롯데,0.284,132,562,493,140,27,3,14,58,,,,,,,,2022,hitter,71,215,8,5
24,양의지,NC,0.283,130,510,427,121,24,0,20,94,,,,,,,,2022,hitter,61,205,0,10
25,노시환,한화,0.281,115,490,434,122,24,1,6,59,,,,,,,,2022,hitter,55,166,0,4
26,노진혁,NC,0.280,115,451,396,111,24,0,15,75,,,,,,,,2022,hitter,50,180,3,5
27,손아섭,NC,0.277,138,617,548,152,29,4,4,48,,,,,,,,2022,hitter,72,201,1,6
28,푸이그,키움,0.277,126,547,473,131,30,0,21,73,,,,,,,,2022,hitter,65,224,0,4
29,박병호,KT,0.275,124,487,429,118,17,0,35,98,,,,,,,,2022,hitter,72,240,0,6
30,류지혁,KIA,0.274,127,477,405,111,19,2,2,48,,,,,,,,2022,hitter,55,140,8,2
1,손아섭,NC,0.339,140,609,551,187,36,3,5,65,,,,,,,,2023,hitter,97,244,1,5
2,구자욱,삼성,0.336,119,515,453,152,37,1,11,71,,,,,,,,2023,hitter,65,224,2,3
3,김혜성,키움,0.335,137,621,556,186,29,6,7,57,,,,,,,,2023,hitter,104,248,0,5
4,홍창기,LG,0.332,141,643,524,174,35,2,1,65,,,,,,,,2023,hitter,109,216,3,6
5,에레디아,SSG,0.323,122,523,473,153,29,0,12,76,,,,,,,,2023,hitter,76,218,1,1
6,김선빈,KIA,0.320,119,473,419,134,16,0,0,48,,,,,,,,2023,hitter,41,150,8,3
7,박건우,NC,0.319,130,533,458,146,34,2,12,85,,,,,,,,2023,hitter,70,220,1,9
8,박민우,NC,0.316,124,509,452,143,20,7,2,46,,,,,,,,2023,hitter,76,183,5,3
9,오스틴,LG,0.313,139,583,520,163,29,4,23,95,,,,,,,,2023,hitter,87,269,0,7
10,전준우,롯데,0.312,138,559,493,154,21,3,17,77,,,,,,,,2023,hitter,80,232,0,7
11,양의지,두산,0.305,129,510,439,134,23,0,17,68,,,,,,,,2023,hitter,56,208,0,3
12,최형우,KIA,0.302,121,508,431,130,27,1,17,81,,,,,,,,2023,hitter,64,210,0,4
13,박찬호,KIA,0.301,130,507,452,136,18,4,3,52,,,,,,,,2023,hitter,73,171,7,6
14,문보경,LG,0.301,131,542,469,141,29,5,10,72,,,,,,,,2023,hitter,77,210,9,4
15,노시환,한화,0.298,131,595,514,153,30,1,31,101,,,,,,,,2023,hitter,85,278,0,3
16,최정,SSG,0.297,128,552,471,140,31,0,29,87,,,,,,,,2023,hitter,94,258,1,6
17,김민혁,KT,0.297,113,448,397,118,20,3,3,41,,,,,,,,2023,hitter,68,153,7,5
18,황재균,KT,0.295,109,457,407,120,26,2,6,49,,,,,,,,2023,hitter,62,168,3,1
19,문성주,LG,0.294,136,534,449,132,21,4,2,57,,,,,,,,2023,hitter,77,167,6,4
20,김현수,LG,0.293,133,556,488,143,22,2,6,88,,,,,,,,2023,hitter,53,187,1,8
21,안치홍,롯데,0.292,121,494,425,124,20,1,8,63,,,,,,,,2023,hitter,57,170,5,5
22,강민호,삼성,0.290,125,495,434,126,19,0,16,77,,,,,,,,2023,hitter,60,193,1,5
23,알포드,KT,0.289,133,547,491,142,31,3,15,70,,,,,,,,2023,hitter,83,224,0,3
24,장성우,KT,0.288,131,464,410,118,22,0,11,65,,,,,,,,2023,hitter,37,173,3,7
25,정수빈,두산,0.287,137,583,498,143,14,11,2,33,,,,,,,,2023,hitter,75,185,12,2
26,피렐라,삼성,0.285,139,605,557,159,28,1,16,80,,,,,,,,2023,hitter,66,237,0,2
27,소크라테스,KIA,0.285,142,608,547,156,31,3,20,96,,,,,,,,2023,hitter,91,253,0,8
28,박해민,LG,0.285,144,558,485,138,14,2,6,59,,,,,,,,2023,hitter,80,174,24,1
29,박병호,KT,0.283,132,493,431,122,15,0,18,87,,,,,,,,2023,hitter,53,191,0,8
30,마틴,NC,0.283,118,503,435,123,20,2,17,90,,,,,,,,2023,hitter,55,198,0,10
1,에레디아,SSG,0.360,136,591,541,195,31,1,21,118,,,,,,,,2024,hitter,82,291,0,9
2,레이예스,롯데,0.352,144,632,574,202,40,3,15,111,,,,,,,,2024,hitter,88,293,0,11
3,김도영,KIA,0.347,141,625,544,189,29,10,38,109,,,,,,,,2024,hitter,143,352,1,7
4,구자욱,삼성,0.343,129,568,493,169,39,1,33,115,,,,,,,,2024,hitter,92,309,2,6
5,송성문,키움,0.340,142,602,527,179,29,4,19,104,,,,,,,,2024,hitter,88,273,0,8
6,홍창기,LG,0.336,139,637,524,176,18,3,5,73,,,,,,,,2024,hitter,96,215,1,4
7,로하스,KT,0.329,144,670,572,188,39,1,32,112,,,,,,,,2024,hitter,108,325,0,4
8,김선빈,KIA,0.329,116,466,423,139,23,0,9,57,,,,,,,,2024,hitter,48,189,7,0
9,박민우,NC,0.328,121,528,457,150,26,2,8,50,,,,,,,,2024,hitter,75,204,4,4
10,김혜성,키움,0.326,127,567,509,166,26,4,11,75,,,,,,,,2024,hitter,90,233,0,7
11,오스틴,LG,0.319,140,604,527,168,32,3,32,132,,,,,,,,2024,hitter,99,302,0,13
12,김지찬,삼성,0.316,135,535,453,143,16,3,3,36,,,,,,,,2024,hitter,102,174,12,1
13,양의지,두산,0.314,119,485,430,135,18,1,17,94,,,,,,,,2024,hitter,57,206,0,6
14,나승엽,롯데,0.312,121,489,407,127,35,4,7,66,,,,,,,,2024,hitter,59,191,2,7
15,소크라테스,KIA,0.310,140,602,552,171,30,3,26,97,,,,,,,,2024,hitter,92,285,0,5
16,허경민,두산,0.309,115,477,417,129,28,0,7,61,,,,,,,,2024,hitter,69,178,0,6
17,고승민,롯데,0.308,120,532,481,148,27,6,14,87,,,,,,,,2024,hitter,79,229,1,8
18,박찬호,KIA,0.307,134,577,515,158,24,1,5,61,,,,,,,,2024,hitter,86,199,7,6
19,데이비슨,NC,0.306,131,567,504,154,25,1,46,119,,,,,,,,2024,hitter,90,319,0,7
20,강민호,삼성,0.303,136,452,403,122,19,1,19,77,,,,,,,,2024,hitter,48,200,0,6
21,박성한,SSG,0.301,137,564,489,147,24,0,10,67,,,,,,,,2024,hitter,78,201,3,6
22,문보경,LG,0.301,144,602,519,156,35,3,22,101,,,,,,,,2024,hitter,80,263,3,13
23,권희동,NC,0.300,123,511,416,125,22,1,13,77,,,,,,,,2024,hitter,66,188,2,6
24,안치홍,한화,0.300,128,533,473,142,21,0,13,66,,,,,,,,2024,hitter,64,202,1,4
25,신민재,LG,0.297,128,474,387,115,11,6,0,40,,,,,,,,2024,hitter,78,138,15,3
26,김현수,LG,0.294,137,583,517,152,36,2,8,69,,,,,,,,2024,hitter,61,216,1,9
27,윤동희,롯데,0.293,141,613,532,156,35,4,14,85,,,,,,,,2024,hitter,97,241,2,5
28,전준우,롯데,0.293,109,483,423,124,26,2,17,82,,,,,,,,2024,hitter,57,205,1,5
29,최원준,KIA,0.292,136,508,438,128,23,3,9,56,,,,,,,,2024,hitter,75,184,7,5
30,최정,SSG,0.291,129,550,468,136,27,2,37,107,,,,,,,,2024,hitter,93,278,0,7
